1.000000000000000000e+00,7.198582744024280444e+00,1.948032667521352179e+00,1.332903599911784420e-01
2.000000000000000000e+00,-1.415212818350316981e+00,4.478348931112912545e+00,2.376405175328919483e-01
2.000000000000000000e+00,-6.465782807331710291e-01,4.393824303951160637e+00,-6.096096112817351864e-01
1.000000000000000000e+00,5.043484598704893074e+00,9.883934069873884232e-01,3.823939202948491434e-01
1.000000000000000000e+00,4.726664272677060907e+00,-1.123580420961358017e+00,8.688347611838337370e-01
2.000000000000000000e+00,1.791489579501059248e+00,4.844403064154676919e+00,-5.726689826942757966e-01
2.000000000000000000e+00,-1.291501985203936886e+00,5.868551907553708702e+00,-8.128315748595051904e-01
2.000000000000000000e+00,1.335014239938035141e+00,5.235563753251952335e+00,1.589429037731538985e+00
2.000000000000000000e+00,-1.252578391867085472e-01,4.971511834075736047e+00,-3.700787131455708923e-01
1.000000000000000000e+00,4.409196602433254952e+00,-1.025457226756929296e+00,1.475180404625849651e+00
1.000000000000000000e+00,6.250309364109988053e+00,-9.225329958413770459e-01,5.851561656309191006e-01
2.000000000000000000e+00,1.263435716953410261e-02,3.539127080818383675e+00,1.135846761371002822e+00
0.000000000000000000e+00,6.678988360140760694e-01,1.431964833154108385e+00,-9.526093603008681798e-01
2.000000000000000000e+00,-7.178941268357127425e-01,6.933860136492000059e+00,-5.511310101423191332e-01
1.000000000000000000e+00,4.946489107080689784e+00,-5.459449592614949998e-01,-2.264469863850019138e+00
0.000000000000000000e+00,-3.097734041707585484e-01,8.575679547977264061e-01,-9.380865377507882075e-01
0.000000000000000000e+00,-1.423547724281082616e-01,2.416949608034702379e+00,7.908531541074668159e-01
1.000000000000000000e+00,5.159025768120288014e+00,-3.004108158625632630e+00,1.123041753173143614e-01
0.000000000000000000e+00,4.752300359648524153e-01,8.940310898977382736e-01,2.110658511465989484e+00
0.000000000000000000e+00,7.599341914880602955e-01,1.174717150328491999e-01,3.957552449935257677e-01
0.000000000000000000e+00,6.531585019083814281e-01,5.015739437271411749e-02,-2.173803328818519898e+00
1.000000000000000000e+00,4.833466768729564933e+00,2.376110124081419084e+00,-1.801984530803526940e+00
1.000000000000000000e+00,5.235723232027098994e+00,-1.893903785267472273e+00,1.453691012829074980e+00
2.000000000000000000e+00,-1.486771267082000712e-02,4.640418378559695078e+00,-1.484826666710159226e-01
2.000000000000000000e+00,3.511506035369968415e-02,4.644533516800077422e+00,-4.463393017859607070e-01
2.000000000000000000e+00,2.729290954316472284e-01,5.384869276671707006e+00,9.806133852871602441e-01
1.000000000000000000e+00,4.803406633680669557e+00,5.033996148995212305e-01,-8.916732090541042155e-02
2.000000000000000000e+00,1.072979837404875347e+00,2.702827237497899660e+00,-1.686204307176102923e-01
2.000000000000000000e+00,-4.429167064077348392e-01,6.177889057099810621e+00,9.225007163510471342e-01
1.000000000000000000e+00,3.668683718858841480e+00,1.250847551075728870e+00,6.605557175195680975e-01
0.000000000000000000e+00,3.912557177128301866e-01,8.318424728115142441e-01,1.026980727907294000e+00
2.000000000000000000e+00,5.714137841290384268e-01,3.439509067463780490e+00,-1.600462174028620677e+00
0.000000000000000000e+00,1.143946687302459075e+00,9.008457811746534150e-01,-9.682014042034183809e-01
2.000000000000000000e+00,7.571269526736521538e-01,4.264653984779984697e+00,-5.602566641011627047e-01
0.000000000000000000e+00,-5.393983631261550782e-01,-1.087594871660127804e+00,2.724302022157765735e-01
1.000000000000000000e+00,4.945851859119885674e+00,-1.220005064390331073e+00,-1.269585373472346124e+00
2.000000000000000000e+00,-1.123833434044752666e+00,6.638244567128447571e+00,-1.219255326542120210e+00
1.000000000000000000e+00,4.763370769608121336e+00,1.630805603160470907e-01,1.228542412689127700e-01
2.000000000000000000e+00,-9.736443915292439244e-02,3.965575738492203239e+00,-2.884677193592521394e-01
1.000000000000000000e+00,4.256747345437627672e+00,5.391985496250062404e-01,-9.323211328224619843e-01
1.000000000000000000e+00,4.577857713378197246e+00,4.323342009958463517e-01,-6.414641214891957099e-02
2.000000000000000000e+00,5.585375685240352439e-01,5.528829676101532087e+00,-6.810401216846139194e-01
0.000000000000000000e+00,1.246096033271069103e+00,5.729241423759894314e-01,8.471887608007944159e-01
0.000000000000000000e+00,-3.386262328091679263e-01,-1.399005374280579972e-01,-2.273989591558208401e-01
0.000000000000000000e+00,6.987182606042610100e-01,2.135250623315562146e-01,3.418392145220471301e-01
1.000000000000000000e+00,6.158295504619108129e+00,-1.742319854327950779e+00,2.683447890603551933e-01
0.000000000000000000e+00,-8.816574653330562228e-01,-9.905508891226948442e-01,-7.854302193569919766e-01
0.000000000000000000e+00,1.049128746678649415e+00,-4.072437706806042446e-01,8.056495672211852477e-02
1.000000000000000000e+00,5.464350138464503459e+00,1.184370106824654025e-02,-3.593306433091973395e-01
2.000000000000000000e+00,8.240986500883095145e-01,4.336052983333012811e+00,9.418404217676094037e-01
1.000000000000000000e+00,4.197495918478863608e+00,4.206215787874153511e-01,6.267138166180137304e-01
2.000000000000000000e+00,-5.792133624362034716e-01,6.841320271137200315e+00,-1.127733790712248663e+00
2.000000000000000000e+00,-1.336857418149696830e+00,7.331738863182476251e+00,-8.766194483033599161e-01
1.000000000000000000e+00,5.400191417468610311e+00,-9.844140937076151232e-01,-2.079049163199556016e+00
2.000000000000000000e+00,-9.834204241637579669e-01,4.316264465564979780e+00,-7.823442806554370410e-01
2.000000000000000000e+00,1.347278382612283165e+00,6.918010469459613176e+00,5.707861362248698445e-01
1.000000000000000000e+00,5.841233396618639162e+00,-2.236395196823814935e+00,5.829063783824328659e-01
2.000000000000000000e+00,-2.625016691655008838e-01,5.619106615552330375e+00,9.916243990623122562e-01
0.000000000000000000e+00,4.950779429644434626e-01,3.515652030498630953e+00,-1.540774451215680685e-01
2.000000000000000000e+00,-9.421189894810073906e-02,4.006832025147998522e+00,2.732800009784242534e-01
2.000000000000000000e+00,1.111284685100811798e-01,5.759793584838885039e+00,5.027710403331911992e-01
1.000000000000000000e+00,5.387938256537972315e+00,-3.561721360122429569e-01,-1.672405210301462386e+00
0.000000000000000000e+00,-3.462843010687399192e-01,-1.264396377433812772e-02,-2.994742635124224561e-01
1.000000000000000000e+00,6.098627848343984859e+00,1.093749451284487112e-01,7.647992635811977358e-02
2.000000000000000000e+00,5.954176663203809561e-01,3.082650659175993013e+00,5.308134916962585770e-01
0.000000000000000000e+00,-1.443443943926601802e+00,8.939018315257589720e-01,-2.248726647083907071e-01
2.000000000000000000e+00,-6.746410923906638324e-01,5.524769513538281274e+00,-6.617934091447478240e-01
1.000000000000000000e+00,4.073503325397718200e+00,8.242101555900643861e-01,-5.676222620266911933e-01
2.000000000000000000e+00,1.897720493423899812e+00,6.306338090512283223e+00,-1.466333557539927668e+00
2.000000000000000000e+00,8.568624933477992922e-01,4.605007142383398921e+00,1.173862578040670152e-01
2.000000000000000000e+00,9.196067318769955978e-01,5.545040329072294050e+00,-2.797677139861258322e+00
1.000000000000000000e+00,4.869869046438815907e+00,7.757170724021925645e-01,-1.309085816195145746e+00
0.000000000000000000e+00,-3.321161925304842027e-02,9.309444476761239429e-01,-3.673876108359860893e-01
1.000000000000000000e+00,5.325932412405909311e+00,-7.190429170080444576e-01,-1.198702648516365654e+00
2.000000000000000000e+00,1.154241388214760633e+00,5.682196675974649835e+00,5.431146698748184898e-01
1.000000000000000000e+00,4.599591483804571723e+00,-1.388606851216312776e+00,-4.805952912009869293e-01
1.000000000000000000e+00,3.731525576876502548e+00,-4.233485498887938903e-01,-1.870478269608678801e+00
2.000000000000000000e+00,-1.582023535916103452e+00,5.253978132541381463e+00,1.199112747979315247e-01
1.000000000000000000e+00,5.195938202131784145e+00,1.024493196659566729e+00,3.589687680075455689e-01
1.000000000000000000e+00,6.742098621519435397e+00,-9.874616851353913427e-01,-2.377780039235662113e-01
1.000000000000000000e+00,5.371405820424237199e+00,-7.282529664910856182e-01,-7.228372029656365827e-01
1.000000000000000000e+00,4.781038885743109645e+00,1.647623807335923285e+00,4.932843261394240786e-01
1.000000000000000000e+00,4.909048144490029131e+00,3.614525265976090054e-03,-2.950592321047162403e-01
2.000000000000000000e+00,-8.021917610977968849e-01,3.173978529653661340e+00,-1.450293729022749667e-01
2.000000000000000000e+00,4.163561031690509173e-01,4.523573896169427400e+00,-2.957922362955790474e-01
2.000000000000000000e+00,-3.833894621790421842e-01,3.557407781966315241e+00,1.907801839528763033e+00
2.000000000000000000e+00,-6.740442950218581419e-01,4.198177527140440901e+00,-1.064486173215066223e-01
2.000000000000000000e+00,-2.358083468255916415e+00,3.028202590911433845e+00,5.425102442602420388e-02
0.000000000000000000e+00,-3.996441848433393562e-01,1.429646468389918379e+00,-8.070807827598182049e-01
0.000000000000000000e+00,8.466429719447442492e-01,-4.488864536551928630e-01,-5.491020909675887324e-02
1.000000000000000000e+00,5.493154318593938434e+00,2.686962112052979190e+00,-1.084348805610045874e+00
2.000000000000000000e+00,-3.337721211942638599e-01,5.925170532482985308e+00,-5.739912914193586735e-01
2.000000000000000000e+00,2.171937266130328226e+00,4.264336450742352014e+00,-6.086935211576423033e-01
0.000000000000000000e+00,6.273348462537190473e-01,1.999414129836235121e+00,-8.454467927153229700e-01
1.000000000000000000e+00,5.611531151704870268e+00,5.481517782773159819e-01,1.746691333482785824e+00
1.000000000000000000e+00,5.341510446575814086e+00,-2.036068284489045421e+00,3.068941476210849673e-01
2.000000000000000000e+00,-1.461794117864395393e+00,6.266897886274460205e+00,-9.081246722665520243e-01
1.000000000000000000e+00,5.796158534111591543e+00,-9.146252078809130603e-01,3.221747686641768804e-01
1.000000000000000000e+00,5.255557273382134298e+00,-9.378517991864563363e-01,6.278210206650087777e-01
2.000000000000000000e+00,1.926463038487881585e+00,3.772200647534976081e+00,-1.445630049898378067e+00
0.000000000000000000e+00,-1.240481426892418915e+00,-2.300680951124839113e-01,1.134548815686883483e+00
1.000000000000000000e+00,7.355779352856002262e+00,6.060073737307001274e-01,-5.567967367565764825e-01
1.000000000000000000e+00,4.406202668153650137e+00,-1.822161587172497654e+00,2.693962950862989203e+00
1.000000000000000000e+00,5.582670136889560375e+00,-3.802033646958978830e-01,-1.038360676262370719e+00
1.000000000000000000e+00,3.208644463829711135e+00,2.137886966619772622e+00,1.304845224653311098e+00
1.000000000000000000e+00,5.576716006035083772e+00,7.462381677595407714e-01,-1.501095529047626220e+00
0.000000000000000000e+00,-8.780576926931352721e-01,1.627646339791508190e+00,-1.020036157884445460e+00
2.000000000000000000e+00,4.938676757712782139e-01,3.494322117161882346e+00,1.910077609747851957e-01
0.000000000000000000e+00,-3.446804934290336742e-01,1.068842608898460167e+00,-2.681107305249101014e+00
1.000000000000000000e+00,4.839370179677136008e+00,4.826043150367100298e-01,-5.043243079052975864e-01
2.000000000000000000e+00,1.406280280867592269e+00,5.720388244335820715e+00,-1.393918140171217290e+00
0.000000000000000000e+00,-5.747939795604986579e-02,4.848025247246299241e-01,2.223687618157249302e-01
0.000000000000000000e+00,-1.986288686818374449e+00,-2.016813993528676630e+00,-1.771572916107119866e+00
2.000000000000000000e+00,-1.248830234256605304e-01,5.870103148401351945e+00,-2.467414795796009086e-01
2.000000000000000000e+00,1.373389356791866689e+00,6.395976365178505318e+00,4.683177747950617031e-01
2.000000000000000000e+00,-1.535220093102959427e-01,5.387922596651303131e+00,-4.494369448873359318e-01
0.000000000000000000e+00,1.418602785686940093e+00,-9.446893959290447729e-01,-2.773872035743501357e-02
2.000000000000000000e+00,4.089952677896397937e-01,5.031157893920204849e+00,-5.146746568664058857e-02
0.000000000000000000e+00,-2.288438020748488899e+00,-8.891499630100388463e-02,5.171023708804549646e-01
0.000000000000000000e+00,7.942498184717440568e-02,2.765845943825966380e+00,-5.198038338075924303e-01
1.000000000000000000e+00,6.016536714183627232e+00,6.122978696967499301e-01,-8.345754675508518239e-02
1.000000000000000000e+00,4.150867916106637523e+00,-1.964714366347838137e+00,6.573673837498053008e-01
2.000000000000000000e+00,-1.707713303885760314e-01,5.664770516869616301e+00,-1.002578181982900274e+00
1.000000000000000000e+00,4.849177213432807498e+00,-3.021997635421759254e-01,1.684464227334580011e-01
2.000000000000000000e+00,-1.598172815809759117e-02,3.255037902196316058e+00,-1.084899000762753696e+00
2.000000000000000000e+00,-5.752344562879063705e-01,6.056569581435346628e+00,4.259772498762771642e-01
0.000000000000000000e+00,-1.391650696924824793e+00,-1.807298324599458050e+00,-2.152856015302591963e+00
2.000000000000000000e+00,1.884918794690494170e+00,4.090176942317816255e+00,-2.548251001893544476e+00
1.000000000000000000e+00,6.218559542568497633e+00,-1.279892583361615710e+00,-5.279790291333859020e-01
2.000000000000000000e+00,-1.029237429089028266e+00,2.739877151950599110e+00,-6.244075683399068488e-01
1.000000000000000000e+00,2.655217159668473936e+00,-1.053422461488721762e+00,4.897398332221107320e-01
0.000000000000000000e+00,1.185948551974090742e-01,-1.613703215973715521e-01,6.025853218560475177e-01
0.000000000000000000e+00,-2.064947352553847260e-01,7.815343034084480667e-02,1.556006267881129279e-01
2.000000000000000000e+00,1.291369871708128968e-02,5.043961937799166684e+00,-1.705530002797687184e+00
0.000000000000000000e+00,2.132117769717105718e-02,2.063221483717815108e+00,-9.090591559667776655e-01
0.000000000000000000e+00,2.776722780390386003e+00,-1.375801327380768102e+00,-1.210790698127919507e+00
1.000000000000000000e+00,4.234900071114267917e+00,-4.281126453380583174e-01,-3.497741367866295525e-01
0.000000000000000000e+00,-4.738617102586040741e-01,-5.803232676662355427e-01,9.006794493091497822e-01
2.000000000000000000e+00,-5.129850421837389707e-01,5.218778177270515961e+00,-5.082594039310069922e-01
0.000000000000000000e+00,6.260885268286253691e-01,-1.587348494359967499e-01,2.040431381518317544e-01
2.000000000000000000e+00,-4.057918667123871503e-01,4.251201002942308627e+00,-1.618740203883223261e+00
2.000000000000000000e+00,-1.404611748601393151e+00,5.772047968921365957e+00,-1.466685325934513839e+00
2.000000000000000000e+00,8.816228938672308058e-01,4.246119692186876016e+00,-1.487296957062084868e+00
2.000000000000000000e+00,1.074331713655101828e+00,5.886823456439473468e+00,6.901262116546570402e-01
2.000000000000000000e+00,-2.151071826905624818e+00,4.821462851170136510e+00,-1.332479418157212381e+00
0.000000000000000000e+00,1.238011097021606499e+00,-9.644733682220819615e-01,-4.650703220300383411e-01
1.000000000000000000e+00,5.240991831958590197e+00,-7.729128464004126897e-01,-4.801837735455772305e-01
0.000000000000000000e+00,-1.260361364411146434e+00,4.204440423160338836e-01,-1.021563435298338041e+00
1.000000000000000000e+00,5.144699668744705079e+00,-3.327541624671979115e-01,-1.725088479046767764e+00
1.000000000000000000e+00,3.944235005143443829e+00,-5.146977124247335000e-01,2.562688145979297727e-01
0.000000000000000000e+00,-1.246678878264059653e+00,-1.232438192957569179e+00,-3.997041905619666546e-02
0.000000000000000000e+00,1.386903068294594421e+00,-7.595555222641450221e-01,-1.149070758365942524e+00
1.000000000000000000e+00,3.713320417575881827e+00,-1.587003553692392765e+00,8.638402736681353167e-01
0.000000000000000000e+00,-1.949483423202341692e+00,1.682629610385525387e+00,3.393328356947934998e-01
0.000000000000000000e+00,-1.197660797723416826e+00,2.327007116719589153e+00,-8.763200755801487940e-01
0.000000000000000000e+00,-1.902790362825686754e-01,3.635633733010603663e-01,-8.570421125632914361e-01
0.000000000000000000e+00,-8.092987073496374917e-01,-3.341534575011753105e-01,1.164106086993862643e+00
2.000000000000000000e+00,6.706627296753572276e-01,4.773365171029595011e+00,-6.924145807745056835e-01
0.000000000000000000e+00,-1.147758309417575395e+00,-1.104637878332358270e+00,1.422134528745127857e-01
1.000000000000000000e+00,5.827573900188440348e+00,-1.306105748239538844e+00,1.185687980582928347e+00
2.000000000000000000e+00,-3.462135068078729394e-01,4.473362759515708831e+00,-6.517695998186243678e-01
1.000000000000000000e+00,4.720788481101271472e+00,1.849362983368284530e-01,-9.979064103690371557e-02
0.000000000000000000e+00,-1.407989914381292618e+00,1.442892507579168537e+00,-1.133150822944978708e+00
0.000000000000000000e+00,4.509441509552223476e-02,2.472478876319384178e-01,-3.492660157003359966e-01
0.000000000000000000e+00,-2.417418516279180307e-01,5.137505690414445603e-01,-2.367274974989675429e-01
1.000000000000000000e+00,4.209580573499152933e+00,-3.785195477709841216e-01,1.107729909980382926e-01
0.000000000000000000e+00,-1.865120446485287964e+00,6.460983468363461490e-01,-1.583776960762234842e-01
0.000000000000000000e+00,9.881278926768164439e-01,3.136253443929345464e-01,1.120263149384468138e+00
0.000000000000000000e+00,-6.379538412521572610e-01,1.106379653468986701e+00,9.884873050234502245e-02
1.000000000000000000e+00,5.553580523378975897e+00,-3.969334458768546403e-01,-6.402246734422828434e-01
2.000000000000000000e+00,9.083001824715858374e-01,5.155689957826379732e+00,-1.065504187397925545e-01
0.000000000000000000e+00,8.662763699129020223e-01,5.346591254794998971e-01,7.816395981705556162e-01
0.000000000000000000e+00,-9.142782214594964429e-01,8.172753140779152881e-02,-1.045721629493428617e+00
0.000000000000000000e+00,2.622695510168147948e+00,6.058943642995502366e-01,5.475637616770644422e-01
0.000000000000000000e+00,6.254934189644832943e-01,7.746180142705373362e-01,-3.751011719529485644e-01
2.000000000000000000e+00,-2.269882804250019370e-01,6.712278889906264645e+00,-7.870612785841654135e-01
2.000000000000000000e+00,2.241237888513488041e+00,5.516243727541101372e+00,-7.694223945681850640e-01
2.000000000000000000e+00,-1.942583966731472822e+00,3.729988892106546494e+00,1.803745769714737712e-01
0.000000000000000000e+00,-1.900838356540948404e-01,-2.328850591968317119e+00,-7.898661928819815659e-01
1.000000000000000000e+00,4.378935495724482152e+00,-7.775716291009862613e-02,-2.629256282573327330e-01
1.000000000000000000e+00,3.693770850470906364e+00,-9.807963656197207225e-01,4.008077503355019222e-01
0.000000000000000000e+00,-7.040947196744194378e-03,3.631264212389046508e-01,-2.185515419001866633e+00
1.000000000000000000e+00,5.070687339335025356e+00,4.143041241538307218e-01,-1.362063131357434731e+00
2.000000000000000000e+00,3.006754153089812864e-01,3.503835325057467642e+00,4.277189190991448897e-01
0.000000000000000000e+00,1.271062991509105178e+00,-1.704780487348538931e-01,-3.507365495642841280e-01
0.000000000000000000e+00,-5.096764900047990876e-01,-4.581737275455451952e-01,3.710020791279137753e-01
2.000000000000000000e+00,9.498221604244362348e-01,6.273720516633392918e+00,-1.605143605573898125e+00
1.000000000000000000e+00,5.103755625004665397e+00,3.508399323376989454e-01,9.214624470984249527e-01
0.000000000000000000e+00,1.100004170219402111e+00,-1.311533085302192703e+00,-6.324918194296946794e-01
1.000000000000000000e+00,4.260423761454993574e+00,-2.891658948181111133e-01,5.799790821131762808e-01
2.000000000000000000e+00,8.790214456408075305e-01,6.573885449880933152e+00,8.769793351077243004e-01
1.000000000000000000e+00,4.984994638799500777e+00,3.902389484124549890e-01,4.718333473566610481e-01
2.000000000000000000e+00,-2.360858541664414764e-02,4.558994334681834459e+00,-2.035291558232381059e-01
0.000000000000000000e+00,-2.847995082261021715e-01,-7.162391084201853442e-01,1.732036756038664249e+00
0.000000000000000000e+00,4.765196520481761455e-01,-3.014466722644157937e-01,2.844031391409457266e-01
2.000000000000000000e+00,1.992905733094900711e-01,5.914189333298024209e+00,1.183198159951131201e+00
0.000000000000000000e+00,7.962374473596848246e-01,-1.996879567001294431e+00,3.897284903872483275e-01
2.000000000000000000e+00,5.348440827402666242e-01,4.177755987830273909e+00,-1.293813039563189937e+00
0.000000000000000000e+00,1.556018203122242261e+00,1.096986921501615919e+00,1.116007533897859894e+00
0.000000000000000000e+00,1.857047535768482138e+00,-3.565787096363012137e-02,6.279508307051953064e-01
1.000000000000000000e+00,3.974841991591551604e+00,-1.011988141274492298e-01,-1.170666639221569216e+00
1.000000000000000000e+00,5.677841578774807552e+00,2.021320196894799692e-01,-7.108611872013455013e-01
0.000000000000000000e+00,-8.602804967675264924e-02,1.038393063654870607e+00,-2.068484539503169461e+00
1.000000000000000000e+00,6.136334831501413234e+00,4.850867371208302803e-01,-1.210607339402926863e+00
2.000000000000000000e+00,-1.123072642730897019e+00,4.247398121958412709e+00,1.357917846238212212e+00
0.000000000000000000e+00,-1.326535712472599604e+00,1.990795082052252418e-01,-3.410789744165503290e-01
0.000000000000000000e+00,-2.320711641980639062e+00,-2.053277052407748160e-01,-6.513504690095949234e-01
2.000000000000000000e+00,-6.205473016452411894e-01,4.215232885275852048e+00,1.958239933750384187e+00
0.000000000000000000e+00,-2.337478620610397684e+00,-2.015659173743199695e+00,-2.517048212297920418e-01
1.000000000000000000e+00,4.779961533901130544e+00,-6.576057060938789167e-01,4.122725124756208559e-01
0.000000000000000000e+00,3.660573391342190619e-01,6.445770573199364195e-01,-4.668530305633473154e-01
1.000000000000000000e+00,6.655742181118293743e+00,5.219660573431998962e-01,-1.884397603967339796e+00
2.000000000000000000e+00,-1.821581184294591982e-01,4.103431408739901975e+00,-9.975730001008712433e-01
1.000000000000000000e+00,5.349196870823313077e+00,-8.307621463232226500e-01,-2.060729534098463232e-03
2.000000000000000000e+00,4.926338970085762936e-01,3.731164629835353352e+00,-9.660612651051538047e-02
1.000000000000000000e+00,5.285591799470767072e+00,-6.178290569554197864e-01,2.967225489406839500e-01
1.000000000000000000e+00,6.330405646643500361e+00,-4.974300018980014615e-01,-3.630897405391911303e-01
2.000000000000000000e+00,-1.425743413802176007e-01,5.868452024987163007e+00,3.473970765946405963e-03
0.000000000000000000e+00,-6.669551414000248757e-01,7.373143083852735924e-02,1.510494547887292482e-01
2.000000000000000000e+00,3.249902219075720966e-01,4.697096697657890729e+00,5.013862701154075951e-01
1.000000000000000000e+00,4.785154782422903708e+00,1.314833989578948925e+00,-1.447307297071955157e+00
2.000000000000000000e+00,-1.958157495784909274e+00,6.182308278516446265e+00,-7.440521453138013719e-01
2.000000000000000000e+00,-4.478734070326195194e-01,3.735002854779607251e+00,1.715184110431962339e-01
0.000000000000000000e+00,-6.579686521052124926e-01,-2.720282206464969654e+00,1.173636195261165138e+00
2.000000000000000000e+00,1.316319139450801146e+00,4.722809893231801226e+00,-7.233805690231333019e-01
2.000000000000000000e+00,4.266176655745709811e-01,6.393256997496097327e+00,1.767599403645410572e+00
1.000000000000000000e+00,4.863925877612865989e+00,-1.098723354822908282e+00,1.057822885255635059e+00
2.000000000000000000e+00,-1.704099435691412756e+00,5.883545273114865637e+00,-1.287262549113500798e+00
0.000000000000000000e+00,1.898239322822193431e+00,-4.710051715515191084e-01,8.198114408128634456e-02
1.000000000000000000e+00,8.578362044226826910e+00,-2.409899021697144705e-01,-7.567372197449762083e-01
1.000000000000000000e+00,4.213369749550587962e+00,3.668042947902746542e-01,-8.108106506584698003e-01
0.000000000000000000e+00,-8.768570879713221133e-01,1.226074274192842761e+00,-8.517575446096389835e-02
1.000000000000000000e+00,6.021971173512968178e+00,-2.987924997797377080e-01,1.702496272797572763e+00
2.000000000000000000e+00,7.432989131977796315e-02,4.576136928262053871e+00,1.353966252791974689e+00
1.000000000000000000e+00,5.211446147124736861e+00,-1.384886166739953406e-01,-3.438212880027566309e-01
2.000000000000000000e+00,7.988055670564261357e-01,6.187555655878647975e+00,-1.147880869282943639e+00
1.000000000000000000e+00,5.343735776908886237e+00,-1.332976923927835289e+00,1.386255615300118205e+00
1.000000000000000000e+00,5.787179280368094147e+00,-1.242106620092184310e-01,7.750079518132299864e-04
2.000000000000000000e+00,2.610261460454504245e+00,5.033724789288773316e+00,5.508254519146997819e-01
1.000000000000000000e+00,5.040971660266312604e+00,2.458945879452431704e+00,1.043707109921334780e-01
0.000000000000000000e+00,-2.251144719334137803e-02,-4.554087758346097026e-01,8.894671521249096768e-01
2.000000000000000000e+00,1.357096251405757403e+00,5.663778439627109584e+00,-1.103501228199968542e+00
0.000000000000000000e+00,-1.092658731776542824e+00,-5.647447339137509070e-01,7.593582233127486036e-01
1.000000000000000000e+00,5.116915035851395288e+00,5.948530071060379454e-01,2.089265326670356693e+00
0.000000000000000000e+00,-1.062412989541243968e+00,-1.066280162167387857e+00,-2.680734594639939683e-01
2.000000000000000000e+00,1.344806372220628266e-01,4.180590549356829833e+00,-1.487438800165353570e+00
0.000000000000000000e+00,-4.328667422208886117e-01,2.919856110800194693e-01,4.549036066910308596e-01
0.000000000000000000e+00,2.399101184822606259e-01,1.298815161780117577e+00,-1.701421015990549623e-01
0.000000000000000000e+00,-3.397279127825911238e-01,-6.641891874767931192e-01,1.068739399545881374e+00
0.000000000000000000e+00,-5.994962165565694001e-02,-1.084615904750551030e+00,-4.542395217531559060e-01
1.000000000000000000e+00,7.166937714423307071e+00,-1.065722609187913283e+00,-6.597061263160257649e-01
0.000000000000000000e+00,-9.475902201474923903e-01,-9.607263619715912251e-01,-1.105003039474028670e+00
1.000000000000000000e+00,4.412341202526410378e+00,-3.774247697287529402e-01,2.666209739988471661e+00
2.000000000000000000e+00,9.424004567849327829e-01,5.377662518363444555e+00,-8.262293781212902699e-01
2.000000000000000000e+00,-7.831636796159388014e-01,4.853395300153422021e+00,-5.239511251363944133e-01
0.000000000000000000e+00,4.232910024087236933e-01,-1.626225516123634751e+00,-1.219130339922822187e-01
2.000000000000000000e+00,1.067703460286236750e+00,5.356529322972545692e+00,2.648459527767188515e-01
1.000000000000000000e+00,3.530740280926752739e+00,1.865292467200970306e+00,7.305630628938469817e-01
0.000000000000000000e+00,-1.945829354527764954e+00,-1.547403647634700175e+00,-4.320468749476033543e-01
1.000000000000000000e+00,4.685269119358819623e+00,6.637611171095753049e-01,3.728264648148792437e-01
0.000000000000000000e+00,1.886643636177191219e+00,-2.449719302681310218e-01,6.777149025798581139e-01
0.000000000000000000e+00,5.585962408648827981e-01,-3.573271509543549662e-01,1.982315856456461078e-01
2.000000000000000000e+00,4.108903157305748288e-01,5.691148303498784422e+00,6.124323221984927512e-01
0.000000000000000000e+00,-8.450966066268048582e-01,5.196271251077393821e-02,-1.779768263296436448e+00
0.000000000000000000e+00,-6.157937136992140958e-01,-1.645879370266336572e-01,-2.883899463744026351e-02
2.000000000000000000e+00,5.306485243621466008e-01,4.653716992730144497e+00,-1.327811499979855148e+00
1.000000000000000000e+00,4.655114337360039656e+00,-1.318806610649042810e+00,1.018211399103715609e+00
1.000000000000000000e+00,4.713027507167947050e+00,1.879261690559848264e+00,-2.070231696346943373e+00
1.000000000000000000e+00,6.858610139803980488e+00,1.381766767430169907e+00,6.219997102073044903e-01
1.000000000000000000e+00,6.613997526846832287e+00,-1.454718010106694992e+00,1.039649282089837756e+00
2.000000000000000000e+00,6.921675440477097208e-02,6.095045689971202663e+00,-1.831808648128329997e+00
0.000000000000000000e+00,-1.424684461542188862e-01,9.493075822745937753e-01,4.114945300653951588e-01
1.000000000000000000e+00,5.904603101670812038e+00,4.624455239172088339e-01,-7.580214227491101076e-01
1.000000000000000000e+00,4.773868719531982663e+00,6.109023111293341302e-01,-1.323683937583501447e+00
1.000000000000000000e+00,6.480597079385509218e+00,-1.236554799979336927e+00,7.324388722371426574e-01
0.000000000000000000e+00,6.123369138893918207e-01,-1.003650652298313961e+00,-1.700577683542919827e+00
1.000000000000000000e+00,6.171626718163619074e+00,6.045340621601957842e-01,1.592578716795363669e-01
2.000000000000000000e+00,-7.875017124762934140e-01,4.420075048350222247e+00,4.165229198132087696e-01
1.000000000000000000e+00,5.140224761124292385e+00,1.219027818548759967e+00,1.297156578736391896e+00
1.000000000000000000e+00,5.857721273139128826e+00,2.874334542875535692e-01,1.318135053495684383e+00
1.000000000000000000e+00,3.763133870183397178e+00,-6.548959416364945607e-01,1.136284428700595095e+00
2.000000000000000000e+00,-1.188493359772305052e-01,7.123054853173593770e+00,-1.283146665599626868e+00
1.000000000000000000e+00,5.196713640706962956e+00,-2.540429607367890585e-01,4.381052381354518660e-02
1.000000000000000000e+00,5.019517713281977933e+00,-6.652585252860693243e-02,-2.097301240988959758e+00
0.000000000000000000e+00,5.603640369827367351e-01,-6.759332761115043331e-01,8.198311553937861484e-01
2.000000000000000000e+00,4.695692727119546994e-01,4.796897334378203759e+00,5.054341365059732416e-01
2.000000000000000000e+00,-3.567167952163380895e-01,4.743976707654801395e+00,8.584668051181347792e-01
0.000000000000000000e+00,-8.872813910103998225e-01,3.900260564286964216e-02,-1.006129177019757792e+00
1.000000000000000000e+00,6.145203015956258952e+00,3.541532221415386594e-01,1.436260135282618533e+00
2.000000000000000000e+00,-2.240837140824130658e-01,5.139527935906941458e+00,-8.831027534345923247e-01
1.000000000000000000e+00,3.990112064163631622e+00,-1.563064868663845086e+00,3.246206145840068724e-01
2.000000000000000000e+00,-1.028535986679874004e+00,3.636008955134584664e+00,2.087472196616685594e+00
1.000000000000000000e+00,4.925175741920044814e+00,-2.645610586501733752e-01,-2.076612490706661873e-01
1.000000000000000000e+00,5.124222348954818429e+00,3.944858506973240586e-01,1.494920027080293590e+00
0.000000000000000000e+00,-1.959056881158424412e-01,2.707238221673803347e-01,9.616761316269195614e-01
1.000000000000000000e+00,4.416724947859877126e+00,1.340345090345481660e+00,2.915614243787282289e-01
1.000000000000000000e+00,5.611252170397682093e+00,1.034114538647445264e-01,1.692528260971859488e-01
1.000000000000000000e+00,5.006085606792558096e+00,1.167132762729277129e+00,7.933947870003156266e-01
0.000000000000000000e+00,-6.162798433696355938e-01,2.225393722967463350e-01,1.303746304101353337e-01
1.000000000000000000e+00,5.102355443194361406e+00,-7.581747062444456065e-01,-7.654844161893559207e-01
1.000000000000000000e+00,4.213211196465713293e+00,-1.252022902929353920e+00,-6.873922323667158718e-01
0.000000000000000000e+00,1.060465630554040750e+00,-2.789877803202267179e-02,-1.010593775620825863e+00
2.000000000000000000e+00,-1.400002897591262341e-01,6.966930825027172425e+00,-4.446944782887552461e-01
0.000000000000000000e+00,-9.564663925783220000e-01,1.531593150255765590e+00,1.442183028077793916e-01
1.000000000000000000e+00,4.728027452066164038e+00,1.219288610524725813e+00,2.190634142955821151e+00
0.000000000000000000e+00,1.400170305916595970e+00,2.902593610879741770e-01,-1.278979834137153215e+00
2.000000000000000000e+00,7.550544653776918302e-01,3.943646534883623822e+00,-7.231860680860184853e-01
0.000000000000000000e+00,2.255078628954267916e-01,1.356939506179375421e+00,-5.847506884932544002e-01
1.000000000000000000e+00,5.255522571649309249e+00,7.873536787252087832e-01,-6.240832305000538760e-01
0.000000000000000000e+00,-2.956845428368911066e-01,4.906128400086541275e-01,1.234209572326612631e-01
1.000000000000000000e+00,2.781749843074555972e+00,-1.268358807996873283e+00,-6.184849772036358218e-01
1.000000000000000000e+00,3.671481953491458228e+00,6.394968828857316989e-02,5.722561493070378313e-01
2.000000000000000000e+00,-1.162697025884479096e+00,4.386085857366696317e+00,-1.623327444922977758e+00
0.000000000000000000e+00,-3.227436023360246153e-01,-1.176305616290724831e-01,-1.807032076305862267e+00
0.000000000000000000e+00,8.149458144988884767e-01,5.570942689038276274e-01,2.572302840277591596e+00
2.000000000000000000e+00,3.011643422094549272e-01,4.492053003919072474e+00,2.888794715763490784e-01
1.000000000000000000e+00,5.321935390497163354e+00,-1.460127918389640289e+00,-2.154808889663096250e-01
0.000000000000000000e+00,3.264427684481939762e-01,6.212231774257653827e-01,-1.908156856844435700e-01
2.000000000000000000e+00,-6.267057624659335691e-01,4.295714158800506333e+00,7.058980458839586580e-01
0.000000000000000000e+00,-1.629706115103468411e+00,1.391807615193245695e+00,2.020017340926531790e-01
