2.000000000000000000e+00,-4.596400041171121997e-01,3.963232284973646546e+00,1.573867492742750396e-01
0.000000000000000000e+00,1.119391081104178953e+00,1.438546522209582346e+00,6.963138316107156944e-01
1.000000000000000000e+00,6.132449305786228599e+00,-4.639057970084720650e-01,1.653871438872567823e-01
0.000000000000000000e+00,-1.285209951940063267e+00,3.469508912762214181e-01,1.673651161637834450e+00
1.000000000000000000e+00,5.605778747768050074e+00,2.391134451682558615e-01,-1.231430018148978872e-02
1.000000000000000000e+00,3.996351633078262466e+00,-2.584881334116300583e-02,4.014807319838868960e-01
0.000000000000000000e+00,1.858149286496774411e-01,-4.038125604832494830e-01,-1.598799322680663493e-02
1.000000000000000000e+00,4.960411375844444137e+00,1.068679365661582503e+00,6.403136071369207594e-01
2.000000000000000000e+00,-8.403809463481672071e-02,4.714166072414276876e+00,1.471765388725524204e+00
1.000000000000000000e+00,4.862195036516169466e+00,-2.005793368740680371e-01,-6.162129174739345849e-01
0.000000000000000000e+00,1.999938831455539412e-01,1.717969349700486648e+00,-7.000061835948232503e-01
2.000000000000000000e+00,5.409610402856129818e-01,5.992185799978809513e+00,1.268320952342331775e+00
1.000000000000000000e+00,4.207438120346095545e+00,2.009592145202049096e+00,4.434472701641050674e-01
1.000000000000000000e+00,4.979658153921887376e+00,-1.135291398012396646e+00,1.124267254178793474e+00
0.000000000000000000e+00,2.716714473040099387e-01,-4.547486932908902935e-01,5.186437307696647458e-01
1.000000000000000000e+00,5.353303516361856751e+00,5.291676672987452035e-01,3.963723388128868597e-01
2.000000000000000000e+00,9.587599480999722257e-01,5.275298991883374811e+00,-3.619291617430865915e-01
2.000000000000000000e+00,-1.972423213247096685e+00,4.298731763248964555e+00,2.063235054116065170e-01
2.000000000000000000e+00,-2.172702506407146184e-01,4.572583943446788979e+00,5.971179636784832434e-01
1.000000000000000000e+00,5.598393378880125226e+00,1.345892638182116130e+00,-2.945517922104490260e-01
0.000000000000000000e+00,7.289670148075578782e-01,3.725307596702002177e-01,-8.454403513097881184e-01
0.000000000000000000e+00,-7.209915949066182383e-01,-1.102713616215253989e+00,7.724008052798962964e-01
0.000000000000000000e+00,-4.392017424879663956e-01,-6.733777976600107129e-01,1.490614062014990582e+00
0.000000000000000000e+00,-6.141211212626950244e-01,3.924077497929315261e-01,-1.193655833650586029e+00
1.000000000000000000e+00,6.192309426756533952e+00,-1.529789641390226995e+00,-9.199204511082617053e-01
1.000000000000000000e+00,4.805419811679239039e+00,-2.397429340177679169e-01,-1.109266086058647405e+00
1.000000000000000000e+00,4.445488339339846995e+00,7.631787890394975404e-02,1.999835315766352040e-01
0.000000000000000000e+00,-7.838988648481242105e-01,1.189341021479991989e+00,-8.261478171415039817e-01
2.000000000000000000e+00,2.280868788093247945e-01,4.125733668119781150e+00,4.684202896991925824e-01
2.000000000000000000e+00,-1.075271576817298458e+00,6.639087300719459961e+00,-1.373993612701995382e+00
1.000000000000000000e+00,2.849426416428257891e+00,-3.916758632062047885e-01,1.088621240401305007e-01
1.000000000000000000e+00,5.561107981777297482e+00,7.839832962136696892e-01,1.243598897261293912e+00
1.000000000000000000e+00,5.294743059174261468e+00,1.091777780980714097e+00,-1.124591366185001995e+00
0.000000000000000000e+00,-1.317456650150206965e+00,-3.535018243471249599e-01,3.745872584862679489e-01
1.000000000000000000e+00,3.876276711844929945e+00,-1.301890300123167699e-01,-3.734305255068543494e-01
0.000000000000000000e+00,-2.768036097751146452e-01,-8.395402085750709453e-01,4.037794706568035297e-01
1.000000000000000000e+00,5.599536040602888676e+00,3.277436201167944763e-01,1.086422506666183119e-01
1.000000000000000000e+00,4.680168392435362534e+00,-2.957805376649826345e-01,2.351580136729430545e-02
2.000000000000000000e+00,-3.541303036411095478e-02,5.211370070891614859e+00,-2.050462309143533002e+00
1.000000000000000000e+00,4.738492634066298059e+00,5.279653701787825337e-01,4.225759669866152035e-01
1.000000000000000000e+00,5.373441904134200975e+00,8.800170487700005317e-01,1.052082889282431044e-01
1.000000000000000000e+00,6.483304615665727688e+00,-1.469596499267711076e+00,4.321595713718138776e-01
1.000000000000000000e+00,4.876146485339744707e+00,-6.824346975885423605e-01,9.728760851353900341e-01
1.000000000000000000e+00,4.868409780969810363e+00,-2.918362399027754073e-01,-1.557862875975342565e+00
0.000000000000000000e+00,5.040479252087807227e-01,2.115352259033118631e+00,-1.264084266130945933e-01
0.000000000000000000e+00,-1.085573310313073359e+00,-2.239591537217585859e+00,2.328134663510666780e+00
0.000000000000000000e+00,-1.196832269176642427e+00,9.042754937123560488e-01,5.841545758338489991e-02
1.000000000000000000e+00,3.409613766293317916e+00,1.280358599705846201e+00,9.608561580997546092e-02
1.000000000000000000e+00,2.565955326191086794e+00,-3.113476072809066020e-01,1.923709074012405484e-01
2.000000000000000000e+00,-7.836615983200908575e-01,4.153569951971291196e+00,-3.678634357922338505e-01
2.000000000000000000e+00,4.102705193131607753e-01,4.707318188665494674e+00,7.014532068000823850e-01
0.000000000000000000e+00,8.528603538626081670e-01,-2.091244882669966998e+00,1.827439801163937894e+00
1.000000000000000000e+00,5.315844371372917543e+00,7.832012736605251796e-03,-1.316036109565642265e-01
0.000000000000000000e+00,1.791825219935414992e+00,4.219220904745851763e-01,4.463954774657966085e-01
2.000000000000000000e+00,-1.046161842081791971e+00,6.779932450909102570e+00,-2.621301554987727211e-01
2.000000000000000000e+00,-1.168307101165318773e+00,4.430513019341150383e+00,-1.630643232935082843e-01
0.000000000000000000e+00,-8.632440342859021287e-01,1.386850800784433568e+00,-6.014326346953705604e-01
2.000000000000000000e+00,-9.455450017473812085e-01,6.339765281969609312e+00,-1.276942145075333990e+00
1.000000000000000000e+00,5.271664754281547793e+00,-8.962800837976677704e-01,8.672179033380787994e-01
2.000000000000000000e+00,-2.736749244897702243e-02,5.492198288862448763e+00,1.917540476739719169e-01
2.000000000000000000e+00,7.998186213646893972e-01,4.963990629359440909e+00,-2.247237839395826720e-01
0.000000000000000000e+00,-2.964728474765390698e-02,-2.890123111151450819e-01,-4.552174752981227313e-01
1.000000000000000000e+00,4.993567276360098894e+00,3.229460686129266567e-02,-3.903464220383292549e-01
2.000000000000000000e+00,6.852189315526900915e-01,3.854806481813878527e+00,-1.429968162467880166e+00
2.000000000000000000e+00,1.736543497450444118e+00,5.012845361080944251e+00,6.829368002535629589e-01
2.000000000000000000e+00,-1.127709288789371517e-01,6.016080464643704495e+00,-3.470653328405694515e-01
1.000000000000000000e+00,4.854063693081402953e+00,3.420579750785037593e-02,-5.658295077243237214e-01
0.000000000000000000e+00,-2.006657965549901723e-01,-6.622661536996456155e-02,6.739569868234566163e-01
0.000000000000000000e+00,9.267028214109127027e-02,1.625673295119915096e+00,-9.307047271591312176e-01
1.000000000000000000e+00,5.496287329586320602e+00,-4.571373623143638043e-01,1.265353435100203372e+00
0.000000000000000000e+00,-1.788614188209702860e+00,1.255157571075798673e-01,1.422306989863294069e+00
1.000000000000000000e+00,5.625393957156608948e+00,7.010443859935768796e-01,-5.534613677344061289e-01
0.000000000000000000e+00,8.576646066747605213e-01,-1.028506875702145607e+00,-5.828969685873118534e-02
0.000000000000000000e+00,6.338349683187078920e-01,-1.437447980316942930e-01,-3.965501111057195827e-02
2.000000000000000000e+00,2.418435773009314574e-02,5.362392832801905485e+00,2.917350937589961446e-01
0.000000000000000000e+00,-4.028909062486938503e-02,-2.037068570858033001e-01,-2.800548770297758838e-01
0.000000000000000000e+00,1.679931754442888003e+00,7.087902885828986088e-01,-3.128407648707127731e-01
0.000000000000000000e+00,-3.148511320849718964e-01,5.602959799203667268e-01,7.119635266646284766e-02
2.000000000000000000e+00,2.276129284521937191e+00,4.826044946221373699e+00,6.256940327354790776e-01
0.000000000000000000e+00,-4.173179506156843299e-01,1.029133200147221094e+00,-1.697272682319625581e+00
2.000000000000000000e+00,-2.712131965201423078e-01,5.685021289818606327e+00,-6.750363146744288168e-01
0.000000000000000000e+00,-9.436208418301985645e-01,-7.871224565763930148e-01,1.593569215050809396e+00
1.000000000000000000e+00,5.515479303648050724e+00,6.878289406120934313e-01,-1.913502691201871553e+00
1.000000000000000000e+00,6.116061396887459090e+00,8.858662796889669178e-01,7.209811225006300395e-02
0.000000000000000000e+00,-9.201193773731673742e-02,-1.441894794215687670e+00,3.966723056941929837e-01
2.000000000000000000e+00,-1.925359256353436632e-01,6.712086331580937149e+00,-2.174594591692164069e+00
1.000000000000000000e+00,5.708014228627203757e+00,5.110267139658313251e-01,-1.920662929574040056e+00
2.000000000000000000e+00,-1.470658617681845470e+00,3.973320945969367024e+00,-1.540882502705791746e+00
1.000000000000000000e+00,4.175821921104747148e+00,5.797903447667641930e-02,2.000183961106785979e+00
1.000000000000000000e+00,5.144975034163411287e+00,6.425474831129328601e-01,-2.061753528926577150e+00
0.000000000000000000e+00,-1.431742295980344970e+00,-6.229482413862950235e-02,1.055665108461191437e+00
1.000000000000000000e+00,2.140473894373948305e+00,9.393835829488766942e-01,2.255890556074207909e-01
0.000000000000000000e+00,-2.087938383640354778e-01,1.226348845489803274e+00,4.237453865369878447e-01
0.000000000000000000e+00,-1.159110974693930318e+00,4.693369071907855794e-01,1.104609368187490448e+00
0.000000000000000000e+00,7.028092412416931944e-01,1.891861585420673841e-01,-7.051594983721370946e-01
1.000000000000000000e+00,6.980893894562809621e+00,2.282941726359612455e-01,-7.635825225846980535e-01
1.000000000000000000e+00,6.068174066304703018e+00,-1.277676171445286446e+00,1.121873994160447752e-01
0.000000000000000000e+00,-4.479844215394643836e-01,-9.791247042162919412e-01,-4.068181046274665924e-01
0.000000000000000000e+00,-4.465243400991440459e-01,-4.857748364285537912e-01,2.874923649160018857e-01
0.000000000000000000e+00,-1.502639850417608391e+00,1.424329154482025794e+00,-2.366253628302132928e+00
2.000000000000000000e+00,-8.009725659954626265e-01,6.115523521133857443e+00,1.699044666036547024e+00
2.000000000000000000e+00,-3.257283877360719337e-01,4.077333497172209498e+00,3.703988466993236028e-01
2.000000000000000000e+00,-3.193220012078857861e-01,5.901925287696587752e+00,1.932156342192258569e-01
1.000000000000000000e+00,6.319208844039324369e+00,1.040306941710065658e+00,-3.964041696664246106e-01
0.000000000000000000e+00,3.808419063931535176e-01,-1.285612553930341573e+00,-1.604787658298037142e-02
2.000000000000000000e+00,3.945693108235630020e-01,4.128006301152661983e+00,-1.626172245864989166e-02
1.000000000000000000e+00,4.936100136607407762e+00,7.405297132763479784e-01,-3.399170906324352343e-02
2.000000000000000000e+00,-1.093471490291367587e+00,4.586046207852538359e+00,-4.285860026958991376e-01
1.000000000000000000e+00,4.835633125530906185e+00,1.300868019132255915e+00,-2.132669101503149034e-01
1.000000000000000000e+00,4.559367371527938140e+00,-4.646140527497035766e-01,3.836837275045498763e-01
0.000000000000000000e+00,-1.092163675044114379e-01,-1.568979464811272262e+00,-4.487636850556203094e-01
2.000000000000000000e+00,1.274975516121569674e+00,5.685031329016606350e+00,-3.767001015791003327e-01
0.000000000000000000e+00,-1.726075462247268932e+00,2.010413008481940267e+00,4.241547290886018007e-01
0.000000000000000000e+00,-1.251050366281599713e+00,-9.842761478951806975e-01,6.308823011141828641e-01
0.000000000000000000e+00,1.063412390782981554e+00,-1.180384996264997266e+00,-1.246642416021489952e+00
0.000000000000000000e+00,9.471368720707793454e-01,2.593002115846313252e-02,-3.567589643837442703e-01
1.000000000000000000e+00,6.075409085826469102e+00,-6.589772083106995026e-01,-8.544563436283549862e-01
2.000000000000000000e+00,9.468907409146416765e-02,4.129317333641151500e+00,-2.170470794929229563e-01
0.000000000000000000e+00,-3.676414472931948119e-01,-2.999496538415685087e+00,-2.297891455205443023e+00
1.000000000000000000e+00,5.419912925348641330e+00,-7.522110849956410439e-01,1.089121856682709000e+00
0.000000000000000000e+00,1.133757112007742762e+00,-1.113613862533359145e+00,-7.906088565196718598e-02
0.000000000000000000e+00,-3.209283114144523275e-01,3.544078189606943430e-01,1.010219888592207571e+00
2.000000000000000000e+00,-5.601089859076704425e-01,6.271435596655522637e+00,1.007308941563381133e+00
1.000000000000000000e+00,4.338573175358601652e+00,-3.698723122882599523e-01,-7.520695456248276400e-01
1.000000000000000000e+00,6.625376833694205381e+00,-1.252514814150342159e+00,-3.969284067729805798e-01
1.000000000000000000e+00,5.558061740741443657e+00,8.723080855141210899e-01,2.181419122112922881e+00
1.000000000000000000e+00,5.991904345374687857e+00,4.553131332776855222e-01,-8.469187091715045523e-02
1.000000000000000000e+00,3.548155627810383184e+00,-1.103372381006858083e+00,2.735722041255436388e+00
0.000000000000000000e+00,7.986124088212211980e-01,5.437711983230104629e-01,4.213108606561324909e-01
2.000000000000000000e+00,-1.154007905692508995e-01,5.274366238057072387e+00,-1.261710976887090219e+00
1.000000000000000000e+00,4.651303838102948340e+00,-3.722151417842558541e-01,1.665458050458706207e+00
1.000000000000000000e+00,4.119502508216278613e+00,1.533954676967870467e+00,-2.798314602515032390e-01
1.000000000000000000e+00,4.648377488221098197e+00,-9.955912912171918094e-01,-3.435625126597076084e-01
2.000000000000000000e+00,1.232492989529593297e+00,4.502079896935207159e+00,-1.306802526103020001e-01
0.000000000000000000e+00,-1.434378036634854636e+00,-5.301213031553275723e-01,3.249405429679058654e-01
2.000000000000000000e+00,1.012081210731276271e-01,5.012951262895352755e+00,-3.218989390328071964e-01
1.000000000000000000e+00,5.484451853273159649e+00,-1.170871267184919517e+00,-5.839761204673122458e-02
2.000000000000000000e+00,1.020596980470524384e+00,4.507438454410706896e+00,1.521586609062046236e+00
1.000000000000000000e+00,4.682450918911967186e+00,-5.286957023677578693e-01,-3.665408670862611573e-01
1.000000000000000000e+00,5.140435141080264003e+00,-4.541924661908691707e-01,-1.525847788165683117e+00
1.000000000000000000e+00,5.220377579912406141e+00,1.432747970885239974e+00,6.468728942099077894e-01
1.000000000000000000e+00,6.225172796536025288e+00,9.331937064577220386e-01,-9.898233157530665904e-01
1.000000000000000000e+00,2.589726546134262009e+00,1.763734748040082900e+00,-5.008736025281617099e-01
1.000000000000000000e+00,3.489337889174823459e+00,-2.608376814779433950e-01,3.735833677451662616e-01
1.000000000000000000e+00,4.761882258247988275e+00,-8.395552515573895258e-01,1.113525411883903721e-01
0.000000000000000000e+00,-1.070308611809456245e+00,6.046927585421156826e-01,-1.120164139582270124e+00
0.000000000000000000e+00,-1.944827834031855884e+00,1.221734317311413243e+00,-1.999992274209380361e-01
2.000000000000000000e+00,4.688993016126171698e-01,4.065470964506825879e+00,1.179191914155696796e+00
2.000000000000000000e+00,5.876413821626653711e-01,4.849677045907642814e+00,-3.208937993658829146e-01
0.000000000000000000e+00,-7.944306679772702440e-01,1.294280148113544859e+00,-6.808298353239344847e-01
2.000000000000000000e+00,4.470796893392964821e-01,4.119942527828486689e+00,-3.681759096998569181e-01
1.000000000000000000e+00,4.559876785308187408e+00,7.942115080030990315e-01,1.391494654768922645e+00
1.000000000000000000e+00,7.153953635762665186e+00,2.590752220778543835e-01,5.637550697248966403e-01
0.000000000000000000e+00,-3.111119230705503003e-01,9.466038279633778862e-02,-2.181131764766145731e-01
0.000000000000000000e+00,-2.505413976109267971e+00,-5.682714479982444722e-01,1.823243695317038615e-01
2.000000000000000000e+00,3.649798949681677396e-01,5.146962056231491722e+00,3.892390941795936254e-01
1.000000000000000000e+00,6.241976449559041740e+00,7.545577008670175667e-01,1.135121130768472542e+00
0.000000000000000000e+00,1.197290911791189627e+00,-1.384109358468313955e+00,-7.867320849130882143e-01
0.000000000000000000e+00,-1.558761005441152259e+00,9.955006184664126900e-01,3.477789711002284290e-01
0.000000000000000000e+00,-3.159635221826407325e-01,1.032966638363886913e+00,-1.380309029114970443e+00
1.000000000000000000e+00,5.648866324091700974e+00,-6.762823460559170829e-01,-8.194395717885529784e-01
0.000000000000000000e+00,-1.362792507715636647e+00,-6.955298718661805379e-01,-1.154606785818073078e+00
1.000000000000000000e+00,4.877081665180817538e+00,6.983703294217242785e-01,1.068632643738827159e+00
1.000000000000000000e+00,3.143638808645327298e+00,4.304963379850943461e-01,-1.423772025742054137e-01
2.000000000000000000e+00,4.185946692106045641e-01,4.044922221016717501e+00,-3.625437559573980728e-01
2.000000000000000000e+00,-1.370916189903980786e+00,4.439497463470654104e+00,-1.232813413803944602e+00
0.000000000000000000e+00,7.715891465051499809e-01,5.191078908697200900e-01,-1.748925919438254484e-01
0.000000000000000000e+00,4.093601592382913879e-01,1.078541095337191669e+00,3.100679071143753185e-01
0.000000000000000000e+00,1.329741593903794428e+00,4.856115027284031993e-01,1.940324598013390411e-01
2.000000000000000000e+00,7.635888517296908207e-01,5.764126911121150165e+00,6.900287947275224321e-01
2.000000000000000000e+00,2.479594177457029147e+00,3.982975004981512690e+00,-1.257150360645997056e+00
0.000000000000000000e+00,1.398708113792886731e+00,1.575785520321984379e+00,2.836849481258879591e-01
0.000000000000000000e+00,-1.604676324252915842e+00,1.285453160978451859e+00,1.864203234303658974e+00
2.000000000000000000e+00,4.101143445272780741e-01,4.900423446788579440e+00,-1.159894588569609253e+00
0.000000000000000000e+00,8.163058921449607708e-02,-3.745123779654772611e-01,1.065119716845469161e-01
1.000000000000000000e+00,4.942240829660287993e+00,7.010571524407577249e-01,-2.340165044008985229e-01
1.000000000000000000e+00,4.618686139939240043e+00,2.100898726600199384e-01,-3.871648000346438606e-02
0.000000000000000000e+00,2.006552251369977946e-01,4.345099680779302975e-01,6.790183659879138744e-01
0.000000000000000000e+00,-4.323083705072556376e-02,7.193954250299966491e-01,3.071007631248218184e-01
0.000000000000000000e+00,7.538569284454947617e-02,-9.923830973990240834e-01,-2.442423596672410824e+00
2.000000000000000000e+00,5.438573549193210788e-01,5.234728750104553185e+00,-2.910073642961762408e-01
1.000000000000000000e+00,6.227655825702318459e+00,-1.583804121209330562e+00,1.507502432185495067e+00
1.000000000000000000e+00,5.333575112252049166e+00,7.778764159968050151e-01,-1.590185687381558299e+00
2.000000000000000000e+00,6.243960383398164948e-01,4.636343359160357558e+00,2.617573602072161831e-01
1.000000000000000000e+00,5.150291109251612376e+00,1.788817726029180710e-01,-9.397951190245001918e-01
1.000000000000000000e+00,5.620607607621805002e+00,-4.453814063201972512e-02,1.341942590802506663e+00
0.000000000000000000e+00,1.107687665899711460e+00,4.217492316085257875e-01,-8.240414107732131344e-01
2.000000000000000000e+00,2.400429780655791434e-01,5.770814491874515006e+00,-3.814690472144412203e-02
1.000000000000000000e+00,5.960813785845051171e+00,1.447347441130181878e+00,1.939753621145412277e+00
1.000000000000000000e+00,5.314989747176184665e+00,-1.460922390161960349e+00,-3.256203283020638745e-02
1.000000000000000000e+00,5.096151925190020471e+00,4.735712889069948472e-01,-8.617373159214989364e-01
2.000000000000000000e+00,1.763550583583272546e+00,3.249240857553493456e+00,-8.342537883622388462e-01
2.000000000000000000e+00,-5.054938882614246065e-01,4.538483767849609940e+00,1.459462962198086577e+00
1.000000000000000000e+00,5.330521907270129311e+00,-3.333929935799025829e-02,6.037107980633463766e-01
1.000000000000000000e+00,4.330050214589006075e+00,1.529961696422105444e+00,8.521419084683018452e-01
1.000000000000000000e+00,5.442401816856352603e+00,-3.440917204001040508e-01,-3.291995209466611061e-01
1.000000000000000000e+00,4.256305780935664806e+00,-1.307654650776444605e+00,1.962909294562618645e-01
2.000000000000000000e+00,-1.264734752830508624e+00,4.995734411034155720e+00,6.733849250190278024e-01
0.000000000000000000e+00,1.160696483755628144e-01,-9.325917524238963585e-01,3.956081320208885144e-01
1.000000000000000000e+00,4.528027571082613889e+00,-2.189189581900296833e-01,-2.069428791431408232e+00
1.000000000000000000e+00,4.232358693748824230e+00,-2.427632185159329659e+00,-1.182766657051387282e+00
0.000000000000000000e+00,4.848097085659053840e-01,-4.876862561941002205e-01,3.698902931911805525e-01
0.000000000000000000e+00,3.233590450453768250e-01,1.888513792326787233e-01,5.385011042787248847e-01
1.000000000000000000e+00,4.552932073676990932e+00,-9.845319170215640625e-01,1.079344784141779368e+00
0.000000000000000000e+00,3.185317265662017672e-01,-4.154658968252887274e-01,8.859200437423787600e-01
1.000000000000000000e+00,4.919076415664410895e+00,-9.464607069469386236e-01,-8.502333194607532008e-01
0.000000000000000000e+00,1.081925846536357039e+00,1.521150553227826330e-01,1.067332253780704843e+00
2.000000000000000000e+00,3.843329355647370771e-01,5.525933475382203142e+00,-8.285602888837678703e-01
1.000000000000000000e+00,5.302308939891502426e+00,-1.329463812330951011e+00,1.476879550532802288e+00
0.000000000000000000e+00,4.512143472253070109e-01,-8.647051042220980088e-01,-1.691959698009799284e+00
0.000000000000000000e+00,-1.079428194580715372e+00,-8.373578294025404434e-01,2.091866029993577902e-01
0.000000000000000000e+00,-1.583853302937229535e-01,1.708573976263988436e+00,1.831035254218849495e+00
1.000000000000000000e+00,7.250682814347634064e+00,2.564140901988667398e-01,-7.250330923623602430e-01
1.000000000000000000e+00,4.577811280345996714e+00,-5.974998987932182981e-01,-1.322152736019751584e+00
2.000000000000000000e+00,-1.019218288703862330e+00,5.881945265061592210e+00,3.556265709428130806e-01
0.000000000000000000e+00,6.534935982808005583e-01,-7.758087433718926507e-01,-3.754493235007270169e-01
2.000000000000000000e+00,1.665530395035713873e+00,4.758575901201635538e+00,6.599403716952817467e-01
1.000000000000000000e+00,3.568950005695091132e+00,4.970539238304907403e-01,-2.021536675180572173e-01
1.000000000000000000e+00,3.185349379621167376e+00,-8.605359222080346537e-01,8.607263744485843526e-01
1.000000000000000000e+00,4.109438952585011684e+00,3.099828420212381030e-01,-1.262526900590809076e+00
2.000000000000000000e+00,9.863892753186277451e-01,6.210880752645103087e+00,8.698690501659434027e-01
1.000000000000000000e+00,3.566006242846428087e+00,-7.325576793049403124e-01,-2.575595140960556417e+00
1.000000000000000000e+00,6.784384041791546416e+00,1.262995432392099326e+00,1.054842307966247672e+00
2.000000000000000000e+00,6.359863229817945829e-01,6.112223184917851881e+00,1.603726239239778861e+00
0.000000000000000000e+00,2.264665637341791715e-01,4.437196606399166354e-01,6.697646753227166905e-02
2.000000000000000000e+00,-5.966985817434882211e-01,4.923959688256947409e+00,1.400070462952685668e+00
1.000000000000000000e+00,5.700737977605289331e+00,8.719532878385296559e-01,1.818204113440729380e-02
1.000000000000000000e+00,4.111736550655228584e+00,1.461390200849646659e+00,-9.160041259063828045e-01
1.000000000000000000e+00,4.903251041155987089e+00,7.748365558580467827e-01,-2.045170001466408927e+00
2.000000000000000000e+00,-1.033925314155361930e+00,6.786812818963431582e+00,-6.077554896187978839e-01
1.000000000000000000e+00,4.916670147085926423e+00,1.580610946647100501e-01,-1.538047335597981791e+00
2.000000000000000000e+00,-2.013238669813530279e+00,3.333447429802549600e+00,1.802930285571299474e-01
0.000000000000000000e+00,5.659132771305644960e-01,-8.392650926531005640e-01,-8.163482364691359017e-01
2.000000000000000000e+00,1.845849709166780608e-02,3.879562966479163766e+00,-2.175749742976774925e+00
2.000000000000000000e+00,-7.829586500032396090e-01,3.929348994226130820e+00,7.714307425038580135e-01
2.000000000000000000e+00,-7.655731866661525942e-01,6.566727059981086079e+00,-1.083484508456434084e-02
0.000000000000000000e+00,-1.164654749186254445e+00,-3.171860507293832177e-01,1.741472827029376003e+00
1.000000000000000000e+00,5.579398246384839943e+00,6.009712106952669330e-01,2.342932065166417888e-01
0.000000000000000000e+00,6.275346013358040764e-02,5.730631392488604314e-01,8.046765421564801291e-02
2.000000000000000000e+00,7.451533695656216150e-01,6.340199051347243930e+00,6.370774523859300542e-01
1.000000000000000000e+00,4.827367832507333034e+00,-1.233616952774196251e+00,1.215893651941146736e+00
0.000000000000000000e+00,2.720491882232805025e-01,-1.499166923679698726e+00,6.623778339938984905e-02
1.000000000000000000e+00,4.616464800282479075e+00,1.188775609068941197e+00,-6.455274460725528574e-01
1.000000000000000000e+00,4.724570490003607404e+00,2.106130642496552990e-02,1.244685769036590894e+00
2.000000000000000000e+00,-9.279920955352870260e-02,6.816188821715190471e+00,-6.884014912274989406e-01
2.000000000000000000e+00,6.735451499144753384e-01,4.764589958975538941e+00,-7.691174385647733258e-01
0.000000000000000000e+00,-4.421577841827448174e-01,9.256109229627096369e-01,-3.942416638344345414e-02
1.000000000000000000e+00,4.290152697545499549e+00,-7.511244537735191074e-01,1.140289145299484330e+00
1.000000000000000000e+00,6.730223931086126044e+00,-1.056352469335348099e+00,-4.369156248439566848e-01
0.000000000000000000e+00,-1.080114392409766477e+00,-1.023398876668813323e-01,1.675734044462278416e-01
0.000000000000000000e+00,-5.176858094356360240e-01,3.128063439800080614e-01,-1.047440076336510817e+00
0.000000000000000000e+00,1.258489973832493503e+00,-5.828397642221445629e-01,1.569994868166998625e+00
2.000000000000000000e+00,-3.623711406075856289e-01,4.513938628045149670e+00,2.192323432558428153e-01
2.000000000000000000e+00,1.979177792492072152e+00,3.932567514649867313e+00,1.437952171047053085e+00
2.000000000000000000e+00,-1.510448449917805247e+00,5.242766315654747267e+00,1.076545867580115945e-01
0.000000000000000000e+00,7.905242019044279589e-01,-2.528098990684393588e+00,-9.701161133844059536e-01
1.000000000000000000e+00,5.535655140115999018e+00,-1.549633459061459329e+00,8.854373838809936892e-01
1.000000000000000000e+00,5.189602860155614117e+00,7.115399074985305772e-01,1.741184344162537423e-01
2.000000000000000000e+00,-2.146114196123381390e+00,5.870689362386014132e+00,5.017608942885172507e-02
1.000000000000000000e+00,3.548820846680307284e+00,-7.859866345168022850e-01,-6.560008810228458165e-01
0.000000000000000000e+00,6.888187434870609582e-01,1.248752171091778829e+00,1.266348107106086474e+00
2.000000000000000000e+00,-2.169934730492596664e+00,4.584972367117051917e+00,1.635283174968687192e-01
1.000000000000000000e+00,6.085895117827570644e+00,3.769310749150487500e-02,-2.194579556695701594e-01
0.000000000000000000e+00,1.876762849613015760e+00,-1.185782692418320794e+00,-1.055488296479828003e+00
0.000000000000000000e+00,-2.195402596325324585e-01,5.854483865731811010e-01,-1.185988445755040283e-01
1.000000000000000000e+00,4.720022470943720627e+00,-4.601765923486589305e-01,6.626572388351031906e-01
1.000000000000000000e+00,4.880928787894084131e+00,2.877219372819510013e-01,-4.346585951918783830e-01
2.000000000000000000e+00,2.920792702192069323e-01,3.600889096400459177e+00,9.285604771904534260e-01
2.000000000000000000e+00,-1.590116764376960035e+00,5.925968982959245679e+00,6.173877727812793204e-01
1.000000000000000000e+00,6.131021799784745596e+00,-6.017067855028384454e-02,-6.098107941032337997e-01
1.000000000000000000e+00,4.489039438280636674e+00,1.945895258028295771e+00,4.611037417492946239e-02
2.000000000000000000e+00,4.285217729011828736e-01,5.824110949724036423e+00,1.130374171697554164e+00
2.000000000000000000e+00,4.981941761314447881e-01,3.941322704068850769e+00,-1.352917621913414248e+00
2.000000000000000000e+00,1.622877668993339295e+00,5.561676932887669622e+00,1.239776264369907954e+00
1.000000000000000000e+00,5.277513033058446545e+00,-8.700926803161761480e-01,1.470749861445148188e+00
1.000000000000000000e+00,4.170022118396508048e+00,-1.827272654432620658e-01,6.503346133096643555e-01
1.000000000000000000e+00,7.188585572505898469e+00,6.045730505670238175e-01,1.090795415364875565e+00
2.000000000000000000e+00,1.248621732060415823e+00,2.346607393081785897e+00,1.383156165776239899e+00
2.000000000000000000e+00,-8.775594756616938996e-01,4.777557643666642484e+00,-4.256411839891838245e-01
1.000000000000000000e+00,5.185801659579974299e+00,-1.475393747218401164e-01,7.463796334801617860e-01
2.000000000000000000e+00,-1.781855718309173775e-01,6.366808265060251770e+00,1.322759983972765951e+00
0.000000000000000000e+00,2.157811414407785566e+00,2.473938563489580175e-02,1.379733214255402185e+00
1.000000000000000000e+00,5.432750262685989817e+00,8.484491254677333227e-01,-2.404238325284941080e+00
1.000000000000000000e+00,3.822150524431536578e+00,1.026738153721720725e-02,-8.893797000958822974e-01
2.000000000000000000e+00,-3.251290619699744311e-01,4.521665328164939268e+00,-3.424340983438055597e-01
0.000000000000000000e+00,-1.266888625278700387e+00,1.540551999850304554e+00,-1.056920782347641787e-02
2.000000000000000000e+00,4.081014020328542213e-01,5.154540706868423250e+00,-1.610073848713494238e+00
0.000000000000000000e+00,-1.024547937446565360e+00,1.232108283379742986e+00,-6.328895878409974973e-02
2.000000000000000000e+00,6.572286149482488293e-02,4.359402515129930045e+00,3.189395489961213692e-01
0.000000000000000000e+00,-1.446645217384299631e+00,-2.335842270721512903e-01,-1.400115207462391265e+00
0.000000000000000000e+00,-1.001146406849329207e+00,2.438030592498047766e-01,1.405601940166109731e+00
0.000000000000000000e+00,2.496775679992907504e-01,-7.668106428658119089e-01,-1.728519535211439084e+00
2.000000000000000000e+00,-1.522459099346108014e+00,5.831396998561380052e+00,-4.283571724351193932e-01
1.000000000000000000e+00,5.886476510447400834e+00,-1.200761889537200477e-01,-1.916351352781933137e+00
0.000000000000000000e+00,7.940595186802440475e-01,2.470090737797402181e+00,-6.014455995500558316e-01
2.000000000000000000e+00,8.772909765617911138e-01,8.413992320728654661e+00,1.861534637759840460e-01
2.000000000000000000e+00,6.633704205523363040e-01,5.603621010181512041e+00,-1.446085791502146556e+00
0.000000000000000000e+00,9.974817899862631343e-01,1.524669508363219461e-01,-6.110368561136739762e-01
1.000000000000000000e+00,3.532088665644034453e+00,-9.088307215233581982e-01,-3.900561345790069523e-01
0.000000000000000000e+00,5.587766350011632577e-01,-7.494056090557741356e-01,-2.053272184454223215e+00
2.000000000000000000e+00,-2.781594694344706742e+00,5.585597990912109623e+00,7.929697738920961081e-01
1.000000000000000000e+00,4.117811721297325533e+00,-8.481497271797804327e-01,2.432067200414906427e+00
2.000000000000000000e+00,2.369943315036408649e+00,6.664673545527031173e+00,-1.737724924331666143e-01
1.000000000000000000e+00,4.677042127568711294e+00,-7.559940713107707877e-01,6.835532023180710404e-01
1.000000000000000000e+00,5.031798280837751491e+00,2.975242264071816800e-01,-1.181177072278344564e+00
2.000000000000000000e+00,-1.114495716457061469e+00,4.279271024317890415e+00,-3.368379930109159370e-01
0.000000000000000000e+00,-7.750661326543896168e-01,1.187393221117680087e+00,1.477633702189427911e+00
1.000000000000000000e+00,6.115121748419539927e+00,-1.588847796117877076e+00,1.091986525066431568e+00
0.000000000000000000e+00,-2.935900636986025214e-01,-5.312542241889278705e-01,-3.868382166626932461e-01
1.000000000000000000e+00,3.610856146752106532e+00,1.294048087775763189e+00,-1.262278511294129713e+00
2.000000000000000000e+00,-6.469464852369031238e-01,5.138012331443968073e+00,-1.355780597032534285e+00
1.000000000000000000e+00,4.836340988496073301e+00,-2.190483912059549176e+00,1.742036809361820593e+00
2.000000000000000000e+00,9.180787122124036692e-01,4.612899191484392425e+00,1.830218396942980830e+00
0.000000000000000000e+00,1.550497744559542479e+00,-1.873484164774005534e-01,-1.486611724666248469e+00
2.000000000000000000e+00,-6.788706474972160815e-03,5.895653559371694996e+00,-1.529684579762228547e-01
2.000000000000000000e+00,-1.535236750796168836e+00,3.339125762711552703e+00,-1.445944107212901120e+00
2.000000000000000000e+00,1.026814234479701549e-01,6.012759007056497573e+00,-1.312180172710932125e+00
2.000000000000000000e+00,3.196704537502843835e-02,6.338601263976348932e+00,2.073449336948514965e+00
0.000000000000000000e+00,4.203408062572316362e-01,-1.993644117404896332e-01,6.143735329568982689e-02
1.000000000000000000e+00,3.316033265540533126e+00,2.640865007194160285e-01,2.870866527704805660e-01
0.000000000000000000e+00,1.832539882169079037e+00,-1.099738178048688564e+00,-2.006310448421652293e+00
1.000000000000000000e+00,5.612452615959437452e+00,-1.646695871073752038e+00,-2.028227475723093365e-02
1.000000000000000000e+00,4.174616131364945915e+00,-1.730010160775738992e+00,-1.314866026462337079e+00
2.000000000000000000e+00,-2.381312450059019259e+00,4.538337192828436173e+00,-1.375781533555737068e+00
2.000000000000000000e+00,1.264326073802906070e+00,5.770917287752433289e+00,-1.535913946185581969e+00
0.000000000000000000e+00,1.000399997761132420e+00,1.184178369739409542e-01,-1.942317699790356400e+00
0.000000000000000000e+00,8.482887672254454392e-01,-2.372995492384079308e-01,-3.951720956586873834e-01
0.000000000000000000e+00,-7.506101098966854179e-01,3.206139054824804768e-01,-5.101438758834736520e-01
1.000000000000000000e+00,5.451915437739232040e+00,-5.794142704238953723e-01,-8.261831631803605580e-01
1.000000000000000000e+00,5.224948851444432663e+00,1.954474761715044306e-01,2.932793876838758473e-01
0.000000000000000000e+00,-4.047650253143559862e-01,7.371679817860902206e-01,7.749283770505773772e-01
1.000000000000000000e+00,5.762279613398971989e+00,6.037026825713154299e-01,1.171821684550816478e+00
1.000000000000000000e+00,5.380107025688530165e+00,7.045583662002690151e-01,-1.544825015721297268e+00
1.000000000000000000e+00,3.886866314410806211e+00,5.390137663916747535e-01,-5.947541326797519678e-01
2.000000000000000000e+00,-5.947917729135656639e-01,3.856495882716218127e+00,6.806097275403397706e-01
2.000000000000000000e+00,8.267452797043642887e-01,5.036670974234061404e+00,5.672724615260276160e-01
1.000000000000000000e+00,6.392308647749926465e+00,8.501402671523847765e-01,-1.573247349415989316e+00
0.000000000000000000e+00,-1.355068575914620821e+00,-1.877108618432838938e+00,9.705266020358239709e-01
0.000000000000000000e+00,-1.630878225932975045e+00,2.389174354043551995e-01,-7.617950692237848154e-01
0.000000000000000000e+00,7.731997391240907902e-01,2.358959388861881223e-01,-1.378773314907604464e+00
0.000000000000000000e+00,1.120879847817073394e+00,-9.461684393727608500e-01,-3.770402229655576143e-01
1.000000000000000000e+00,3.943127591551620625e+00,9.326413167814281979e-02,2.276933726991611229e-01
2.000000000000000000e+00,1.037336958444867063e+00,5.534866107907222776e+00,1.343304724402097472e+00
0.000000000000000000e+00,1.889573202245191652e+00,-2.621311573779038895e+00,4.620312119955147234e-01
2.000000000000000000e+00,-1.173671012783012335e+00,5.575612286244539639e+00,4.143695073750402469e-01
1.000000000000000000e+00,5.179900419578694404e+00,-7.095790845475723474e-01,1.396430135041451637e+00
1.000000000000000000e+00,5.309638904556424954e+00,-1.270788912848979935e-01,-1.118957721152386897e+00
2.000000000000000000e+00,-9.538795389737276809e-01,5.781408723416229023e+00,1.024095186866231355e+00
2.000000000000000000e+00,-7.013249044536346011e-01,3.661867525593403450e+00,3.420000501138460880e+00
0.000000000000000000e+00,8.437175865637298600e-01,-3.373311246569927757e-01,-3.201588555544652159e-01
2.000000000000000000e+00,-4.740384179342708171e-01,5.018814350066060470e+00,-3.241517509557595655e+00
2.000000000000000000e+00,9.479930769991480322e-01,4.028105332389204207e+00,6.846010813634905157e-01
2.000000000000000000e+00,4.296055483411074238e-01,5.670056628571884083e+00,-2.354575274779064087e-01
1.000000000000000000e+00,4.685571654482966863e+00,4.436151361047480646e-01,-5.461481706818878123e-01
2.000000000000000000e+00,5.945971561170798614e-01,5.044142668609624458e+00,-5.721682280996923664e-01
0.000000000000000000e+00,-1.030593224345747461e-01,3.583202621607038951e-01,-9.679687522916267106e-01
2.000000000000000000e+00,-1.099115358799036990e+00,4.487872324839716320e+00,-1.298436227240921337e+00
0.000000000000000000e+00,-1.496298358251298533e+00,-2.462014963711121496e+00,2.856231417215099877e-01
2.000000000000000000e+00,-3.992872773186707802e-02,5.343223689824132094e+00,-1.249110237223631126e+00
2.000000000000000000e+00,5.389981932462329928e-01,3.055226337429955752e+00,-9.169548110240598460e-01
1.000000000000000000e+00,4.540441228238065285e+00,1.570877474675774488e-01,-1.160133650006851536e-01
0.000000000000000000e+00,1.021662655881090842e+00,-8.150922218877124648e-01,-5.916820896814175557e-01
1.000000000000000000e+00,4.657452149456006829e+00,3.048100823223919287e-01,-7.871361671488020795e-01
2.000000000000000000e+00,4.526513720174907274e-01,5.790047765307453354e+00,1.025805875326406325e+00
1.000000000000000000e+00,6.119692670078971553e+00,1.101313093641073104e+00,-4.996303726746832985e-01
1.000000000000000000e+00,2.245605939044964749e+00,-1.275799537114746807e+00,2.673839021028039387e-01
1.000000000000000000e+00,5.614239721023514207e+00,-8.875368290486885803e-01,1.906993687140617677e+00
0.000000000000000000e+00,7.752863911727970736e-01,8.706156495999475275e-01,5.664163624186270285e-01
2.000000000000000000e+00,-7.856366002044719299e-02,2.845401243646359379e+00,-1.098357384389031743e+00
2.000000000000000000e+00,1.029311102735467776e+00,3.456073862656086071e+00,3.351220232831697565e-01
1.000000000000000000e+00,4.953566168938749570e+00,1.666375945459403596e+00,-3.313591029592038439e-01
0.000000000000000000e+00,9.819812510482067713e-02,2.418582032663270098e+00,-2.325503381137011827e-01
2.000000000000000000e+00,1.288901350822548197e+00,4.961731600979343959e+00,1.681961083288890657e-01
2.000000000000000000e+00,-8.381541285885761583e-02,6.339578622680511977e+00,4.513091487237952393e-01
1.000000000000000000e+00,4.484026689975814328e+00,2.267451556180155869e-01,2.629916299171271010e-01
0.000000000000000000e+00,-6.435718248871364899e-01,2.002411260905727630e+00,-1.513841841881075900e-01
0.000000000000000000e+00,2.958612560871793917e-01,1.037772164088272664e+00,-1.811645291806301517e+00
2.000000000000000000e+00,-1.090214873632879611e+00,4.866018546055692617e+00,1.180205671700640835e+00
0.000000000000000000e+00,-1.449308200773467004e-01,9.700183631646860372e-01,1.451576055441891056e+00
1.000000000000000000e+00,5.175410549384236170e+00,1.307430982952116461e+00,1.708762073890822686e+00
2.000000000000000000e+00,1.377454059597394309e+00,5.460239837566479792e+00,-9.839672580058242968e-01
1.000000000000000000e+00,4.425028087918168040e+00,-9.670799497544487755e-01,-4.141238153352955753e-01
1.000000000000000000e+00,7.199187641219954692e+00,-5.448089960667565901e-01,-1.886785633384139016e-01
0.000000000000000000e+00,1.656525827757888147e-01,1.024032107612806497e+00,8.107430594841577021e-01
1.000000000000000000e+00,4.428725270431371541e+00,-6.768224808792222547e-01,6.530118350500034585e-02
1.000000000000000000e+00,6.580365880422462510e+00,-1.938557616129175654e-01,4.101252016575417381e-01
1.000000000000000000e+00,4.605514505317168883e+00,-1.208151141981840676e-01,-2.581316428935683804e-01
0.000000000000000000e+00,1.732925265094017453e-01,-9.329765218513592639e-01,7.454033013886901538e-01
0.000000000000000000e+00,-6.076302164886034918e-01,1.773707899532156462e-02,-1.134285760200202331e+00
2.000000000000000000e+00,1.669415558728908788e+00,3.176814457215122012e+00,4.819437361576247580e-01
0.000000000000000000e+00,-8.915367407394562127e-01,1.682503864319847553e+00,9.449030061068866004e-01
0.000000000000000000e+00,6.767890710832985546e-01,-6.044991117284709281e-01,-5.496617759548676485e-01
0.000000000000000000e+00,5.030824794716238779e-01,1.088139131571970619e+00,1.029366989814842093e+00
1.000000000000000000e+00,6.295881201544830219e+00,1.306356215774027163e-01,2.690078658344219331e-01
1.000000000000000000e+00,5.380640980724376021e+00,-6.941177869827683256e-02,-4.751068085456334501e-03
0.000000000000000000e+00,-1.358972382787379807e-01,7.768756693111531497e-01,3.871365718863975514e-01
0.000000000000000000e+00,8.159591807793498131e-01,-1.464561774732341115e-01,-6.150588977465640816e-01
1.000000000000000000e+00,4.406554431861979815e+00,-6.262455081994190431e-01,-3.957866903942151571e-01
0.000000000000000000e+00,-3.107074357534033715e-01,5.119523121926714548e-01,-1.779861501376801991e+00
2.000000000000000000e+00,-1.695467504780397539e+00,5.272118314073728662e+00,-4.452247094799693383e-01
2.000000000000000000e+00,-8.369695382902639924e-01,5.451544885118019934e+00,-1.258822835021117470e+00
1.000000000000000000e+00,3.685402292288479487e+00,1.486142691300276208e+00,-1.211724810054005452e+00
2.000000000000000000e+00,9.040696781270672888e-01,5.367052290095473133e+00,-1.256452319684827623e+00
1.000000000000000000e+00,4.356880620179916619e+00,9.958761254661812057e-01,-1.340497633638169650e-01
2.000000000000000000e+00,5.319184032210200197e-01,4.608196375768352837e+00,6.282466007639854189e-01
1.000000000000000000e+00,5.489634100410699880e+00,7.325009758449464448e-01,-1.368286396899413560e-01
0.000000000000000000e+00,-1.035281510351781176e+00,-3.717956082774390159e-01,-2.026601240854858932e-01
0.000000000000000000e+00,-1.382217483548068726e+00,-1.640121176488369859e+00,3.818886542147617025e-01
0.000000000000000000e+00,-9.533524032414502081e-01,-6.253363586150113562e-01,-6.059184471250012027e-01
0.000000000000000000e+00,7.902071420307175131e-01,-2.997657309592391961e-01,2.679933617995269857e-01
0.000000000000000000e+00,-8.398395307385326802e-01,-1.616349825080393432e-01,-2.454843752427435799e+00
0.000000000000000000e+00,7.712347519607438695e-01,8.339382883791134349e-01,3.785563614778241215e-01
2.000000000000000000e+00,-2.062584675478019047e+00,4.416465768349524090e+00,-9.669497804538279562e-01
0.000000000000000000e+00,-5.388241016250913118e-01,2.212330718346552580e-02,-5.689082419163239424e-01
2.000000000000000000e+00,8.729376269233368735e-02,5.582457934069194216e+00,-7.467698210422618610e-01
1.000000000000000000e+00,5.094194340809003130e+00,2.039685034886960513e-01,-2.139868240221264095e+00
0.000000000000000000e+00,4.484211006415871892e-01,1.089334187711721080e+00,3.392064944147332728e-01
0.000000000000000000e+00,-2.726247113134956379e-01,9.441991732471824786e-03,-1.462757507795945822e+00
1.000000000000000000e+00,4.971773433913460494e+00,4.640528994143239966e-02,-2.124333244817286359e-01
2.000000000000000000e+00,1.463009670652872352e+00,6.289617069113797143e+00,1.576932888085495588e+00
2.000000000000000000e+00,4.358920809440802735e-01,6.859979766877937202e+00,-2.548626379102847395e-01
1.000000000000000000e+00,4.381513385375407132e+00,-1.675272695306390114e+00,-7.047642794656674425e-01
0.000000000000000000e+00,1.244116258462651947e+00,-2.038903194307704336e-01,-1.281663024447642130e+00
1.000000000000000000e+00,4.506942125797699816e+00,6.563791507625665878e-01,1.814339302621209571e-01
0.000000000000000000e+00,-1.451973146709926166e+00,8.803371265906519971e-01,2.065503894353457159e+00
0.000000000000000000e+00,-4.167021248589722338e-01,-6.777007775473945506e-01,-4.990495910518748524e-01
1.000000000000000000e+00,6.279631517435568355e+00,1.698484819880648367e+00,-1.203398675862358935e+00
0.000000000000000000e+00,2.006194731833544354e-01,1.064412262079765803e-01,7.351481876112263558e-01
0.000000000000000000e+00,7.678780335679016300e-01,1.246860918634401516e+00,1.972840251192160277e-01
1.000000000000000000e+00,4.584340148173889240e+00,9.593581788977542102e-01,-3.198278754976965343e-01
2.000000000000000000e+00,6.540915343922075742e-01,3.215107013577028106e+00,-1.877062316770782058e+00
1.000000000000000000e+00,5.426431977177835542e+00,-8.299061600039530084e-01,1.850007271841825229e+00
2.000000000000000000e+00,-9.871717733358340574e-01,3.857257621828057204e+00,-3.788169193181825656e-01
0.000000000000000000e+00,7.251342322082461322e-01,1.065145647185486322e+00,6.277053095304734320e-01
1.000000000000000000e+00,4.404830296678057699e+00,5.953941473823335384e-01,6.378506476591691010e-01
2.000000000000000000e+00,-1.119283650476821546e+00,4.840242104705884785e+00,-2.481616864692828717e+00
2.000000000000000000e+00,1.416245338398119391e-01,5.752063936191236238e+00,-1.036133423551590882e+00
0.000000000000000000e+00,9.681028089495211653e-01,6.395559336697150821e-01,-5.932385599782296071e-01
0.000000000000000000e+00,-3.272454243046117872e-01,1.666500165921986076e-01,6.627199461822526061e-01
0.000000000000000000e+00,-1.571312792263838798e+00,1.851501554029690577e-01,-9.093388727605057342e-01
1.000000000000000000e+00,3.827197938287664414e+00,-1.970732389087161973e-01,9.826090546996433250e-01
1.000000000000000000e+00,3.607351600341185627e+00,-7.806338134507454507e-01,-1.082745226114186776e+00
2.000000000000000000e+00,-1.632286454517986707e+00,5.425787904757817692e+00,-6.744793950427914186e-01
1.000000000000000000e+00,4.095512570264643770e+00,7.333178696456542633e-01,-1.078579606683244541e-01
1.000000000000000000e+00,3.911035551429664636e+00,-2.091107998319209571e+00,-2.365394104832506672e-01
2.000000000000000000e+00,1.387656263436644721e+00,5.081930450255343956e+00,7.584250241231056400e-01
2.000000000000000000e+00,-2.000283912762170324e+00,6.217245551669425829e+00,1.087440771556444696e+00
2.000000000000000000e+00,7.799659239730049043e-01,4.669597746124958704e+00,-7.862672668159065292e-01
1.000000000000000000e+00,5.359014307646196684e+00,1.433654471425227506e+00,5.695401985073383910e-01
0.000000000000000000e+00,1.336111979381415793e+00,-1.990394539923266704e-01,4.167071074624700278e-01
0.000000000000000000e+00,1.759828358596257747e+00,-6.316338223472357516e-01,-1.202687567833654159e+00
2.000000000000000000e+00,-5.838698558138002981e-02,4.570866556673038872e+00,-4.517142099002316447e-01
2.000000000000000000e+00,-1.181020965427068276e-01,5.646439244965122839e+00,1.469197645147973574e+00
0.000000000000000000e+00,1.730743840998915539e+00,-9.726807232422616245e-01,8.605327601929427805e-01
2.000000000000000000e+00,-4.950193921543014075e-01,5.231019311867662225e+00,7.388820085575653618e-02
0.000000000000000000e+00,-1.765781502904374412e-01,-7.910221215997020883e-01,-1.144321384915162110e+00
1.000000000000000000e+00,4.782659239645117744e+00,6.161609308125195472e-01,-2.275833119852070097e-01
0.000000000000000000e+00,7.657293217640830374e-01,-2.733876275567922454e-01,8.573763774040419339e-01
2.000000000000000000e+00,-4.616046320499422873e-01,4.981878194711027774e+00,-5.057612991871267560e-01
1.000000000000000000e+00,3.178989631389334214e+00,6.548573443381475734e-01,3.793573508223517243e-01
1.000000000000000000e+00,4.173079281317615852e+00,-7.371483827074785944e-02,1.125825768450360975e+00
1.000000000000000000e+00,5.474980910623332697e+00,5.457833128891939056e-01,-4.908520979714536825e-01
1.000000000000000000e+00,5.243413062021605064e+00,1.194877329385914955e+00,2.976349818382836299e-01
2.000000000000000000e+00,1.167122614483709242e+00,4.733031789324170902e+00,1.261858138489977965e-01
0.000000000000000000e+00,4.578036486592237386e-01,1.068926886154769607e+00,-6.775137000576481050e-01
0.000000000000000000e+00,-3.019323230908796396e-01,5.993436358622663551e-01,8.428749739174401512e-01
1.000000000000000000e+00,5.763204373154199978e+00,-4.675044774741242137e-01,4.205598878610551372e-01
0.000000000000000000e+00,9.600726575997736711e-01,8.811504084936372383e-02,-1.728021543887037659e+00
0.000000000000000000e+00,-1.125448437752553987e+00,9.500414778181226483e-01,1.325198285137073606e+00
2.000000000000000000e+00,1.078809651935560332e+00,5.156288789344786849e+00,-1.907302934616060541e-01
2.000000000000000000e+00,-1.028274614939411524e+00,5.781316036470479425e+00,-3.715313814192187647e-01
0.000000000000000000e+00,2.142413822441133764e+00,-1.006872157739979734e-02,-8.363748367855051713e-01
0.000000000000000000e+00,4.486403055169391751e-01,2.296935252089750357e+00,-8.430172583019959753e-02
0.000000000000000000e+00,-1.968660962065009734e+00,1.966866604186867373e-01,9.901958718643713020e-01
1.000000000000000000e+00,6.205709240087969647e+00,2.855384291628457305e+00,4.738288397680882058e-01
1.000000000000000000e+00,4.516326183634523872e+00,2.066897981299728806e-03,6.954158412932521793e-01
2.000000000000000000e+00,2.486005371978253997e+00,4.765583506465808306e+00,-7.039502345484053292e-01
1.000000000000000000e+00,4.928016502064721749e+00,2.121742677959718298e-02,-5.661431489233037517e-01
0.000000000000000000e+00,-1.688191258639839765e+00,5.815363061697448321e-01,-5.546214054030325080e-01
0.000000000000000000e+00,-4.640795937877374988e-01,1.056177385894653709e+00,-4.787366214963170025e-02
1.000000000000000000e+00,5.535881481632705992e+00,-3.409488991477496733e-01,-1.198675304156269217e+00
0.000000000000000000e+00,1.334421240303852674e+00,-5.125109195525984207e-01,-8.197403813856884991e-01
2.000000000000000000e+00,-2.476836472370923525e-01,5.190848064802836781e+00,-9.921701144824077723e-01
0.000000000000000000e+00,1.929714970548674635e-01,-1.746431226781726539e-03,-6.883499491681008831e-01
2.000000000000000000e+00,-8.587056078864805375e-01,4.280673127056373595e+00,1.152002883442292958e-01
2.000000000000000000e+00,-1.315210443663927142e+00,4.415836701900048844e+00,5.001354929554657769e-01
1.000000000000000000e+00,7.819160594837779144e+00,-1.067858376732892189e+00,-1.262524834843088521e-02
1.000000000000000000e+00,5.385414646456993637e+00,4.764730688306482720e-01,-4.913375824223684130e-01
1.000000000000000000e+00,4.703742234666949962e+00,-9.312022856591612996e-01,2.056934935354037541e-01
2.000000000000000000e+00,-1.188904557383299032e+00,4.370878788232851697e+00,1.269408825171598254e+00
0.000000000000000000e+00,5.208419549096777734e-01,-6.055976425177395095e-01,-1.272110597668527854e+00
0.000000000000000000e+00,1.321800896814951054e+00,3.924853855820442106e-01,-1.977121861876510511e+00
0.000000000000000000e+00,-2.375093014827208471e+00,1.425400124543494185e+00,3.783824714564861802e-01
0.000000000000000000e+00,-9.607121333458186474e-02,-1.846667627877740525e-01,-2.329047499788277520e+00
1.000000000000000000e+00,5.547357362190968644e+00,1.679163690456314750e+00,1.471801914257590660e+00
2.000000000000000000e+00,2.835687883105343920e-01,5.791586782396374922e+00,1.201047303798238541e+00
2.000000000000000000e+00,-6.237695723375142887e-01,4.067363081766048438e+00,5.247678740164052336e-01
1.000000000000000000e+00,4.343097008167747575e+00,9.928529325362107638e-01,5.313415743526255230e-01
2.000000000000000000e+00,-2.732049387731874668e-01,4.912831418747747314e+00,-4.434718050641940357e-01
1.000000000000000000e+00,4.559066510008475070e+00,3.813394318853484122e-01,1.186748625689455272e+00
1.000000000000000000e+00,4.163851862323267206e+00,2.274814920941687024e+00,-8.387013955065992787e-01
0.000000000000000000e+00,1.467201018650128752e+00,3.355480075951756680e-01,1.637474828991738685e+00
0.000000000000000000e+00,2.743735172363152008e-01,-4.614588652891654652e-01,1.680123837548623378e+00
1.000000000000000000e+00,4.894704844089531548e+00,-1.754753157306504149e-02,-6.428675791051784161e-02
1.000000000000000000e+00,6.609467077694085368e+00,1.646030641515492610e+00,2.013415842080723828e-01
1.000000000000000000e+00,6.332382173381505552e+00,4.548589783342322224e-01,1.965393944777502067e-01
1.000000000000000000e+00,4.959591405625650040e+00,1.188262546668718223e+00,-7.174004102145382644e-01
0.000000000000000000e+00,-1.131936519203606162e+00,9.422381709151278484e-01,-5.207370173317428241e-01
0.000000000000000000e+00,-2.125705827935755021e+00,-5.817270466919131078e-01,4.206811111356733024e-01
2.000000000000000000e+00,-1.660849962742438901e+00,4.479630189809664209e+00,1.910732595806908352e+00
1.000000000000000000e+00,4.804596942225767719e+00,5.836712784370031576e-02,-1.472603639900391670e+00
0.000000000000000000e+00,2.131884029000906899e+00,-2.595347571917894669e+00,-6.505253934058289333e-01
0.000000000000000000e+00,-1.012528170736747057e+00,-6.044607493787177432e-01,1.358126357687085450e+00
2.000000000000000000e+00,4.940126549751096552e-01,6.927552186902785181e+00,-1.027020581570549762e+00
2.000000000000000000e+00,1.411787360794551915e+00,5.914696509291674786e+00,5.973286917109247307e-01
0.000000000000000000e+00,-7.713276316810484534e-01,-3.335718602951663336e-01,-4.383072056221590795e-01
2.000000000000000000e+00,7.096960528979308069e-01,7.209747358298667308e+00,-7.018576729571703865e-01
2.000000000000000000e+00,2.364857656106942041e-01,2.683681395140271153e+00,-4.740446998016952240e-01
0.000000000000000000e+00,1.512109205139053447e+00,-6.254851436451854818e-01,-9.875799021054459947e-01
0.000000000000000000e+00,7.971442291724336604e-01,1.277087349211979972e-01,1.561642520438858428e+00
1.000000000000000000e+00,4.440162524695409729e+00,2.293866668040007717e+00,-6.286482791104650580e-01
0.000000000000000000e+00,-7.490470385335522285e-02,1.272382465220081693e+00,-1.772479166244604054e-01
0.000000000000000000e+00,-2.557479842060561559e-01,7.044847768142641353e-01,1.399553313715236336e-01
1.000000000000000000e+00,3.891827126104667300e+00,1.500248569815314237e-01,4.744058629242446923e-01
2.000000000000000000e+00,-3.305975197219344630e-01,5.727517022887426812e+00,-4.882710916467577489e-01
0.000000000000000000e+00,5.388269705581099495e-02,1.173296629380419454e+00,7.871759309947569117e-01
1.000000000000000000e+00,3.777819930971736184e+00,5.538280395711364656e-01,-2.638020216050505073e-01
2.000000000000000000e+00,4.593272185261701446e-01,5.046988389043604251e+00,-5.562857497500844906e-01
1.000000000000000000e+00,4.994896757776883689e+00,-1.905309672870736160e+00,3.540956834326789981e-01
1.000000000000000000e+00,4.236155051519901349e+00,-6.470733473687861892e-01,-4.438953661071300960e-01
1.000000000000000000e+00,3.806615692753711144e+00,-7.193073466594086529e-01,7.974542361753543807e-01
1.000000000000000000e+00,5.594983482544390263e+00,8.693863013722578914e-02,7.499003399299492001e-01
2.000000000000000000e+00,5.796221902950827731e-01,4.898261838588223505e+00,1.602205402592218997e+00
0.000000000000000000e+00,8.364860840557635235e-01,8.630621373289092402e-01,1.672006123765174435e+00
1.000000000000000000e+00,5.283705107086984043e+00,2.739901905396558757e+00,-4.249547144819064148e-01
2.000000000000000000e+00,5.620259717055500759e-02,6.268944162753307126e+00,1.420148843496856772e+00
1.000000000000000000e+00,5.395993148143027440e+00,1.356042167935858966e+00,-1.895641500683905578e-01
1.000000000000000000e+00,4.810227788602189136e+00,-2.186100883256939659e-02,-1.250382011856205677e+00
1.000000000000000000e+00,4.922347173224660644e+00,1.806504554946741559e+00,9.719798150012555205e-01
0.000000000000000000e+00,1.367497144360497463e-01,1.153813241963993930e+00,-4.703488465594294343e-01
2.000000000000000000e+00,4.833771512537065052e-01,5.102492589464363348e+00,1.695522240773618683e-01
0.000000000000000000e+00,-1.101035603838664695e-01,-6.363116570134256245e-01,1.723585543767283790e+00
1.000000000000000000e+00,3.761746823966411135e+00,-1.730911186422110948e+00,1.096894839604820149e+00
2.000000000000000000e+00,4.719275242538621962e-01,6.318217003748227256e+00,5.502414495015867102e-01
1.000000000000000000e+00,2.639701371826860044e+00,-7.635430148735150579e-01,-3.305236772772917053e-01
0.000000000000000000e+00,-5.239089276021582364e-01,6.853855817487021218e-01,7.670691478953772791e-01
2.000000000000000000e+00,6.900570497450557728e-01,5.494591237675771289e+00,-8.245554739321845350e-01
2.000000000000000000e+00,1.161407871547438964e+00,5.091226198307086115e+00,4.240243190893794867e-01
2.000000000000000000e+00,4.082016140487219613e-01,5.773800647919568263e+00,-6.191226625792282112e-01
0.000000000000000000e+00,-5.313094826527184900e-01,8.659561520182080807e-01,1.952090941198517005e+00
2.000000000000000000e+00,-9.587322945083642800e-01,5.697675891489872413e+00,-1.478895665591355157e-01
0.000000000000000000e+00,-4.203066767720650132e-01,-1.428380845521834530e+00,1.814391788952559037e-01
1.000000000000000000e+00,5.429437540269351103e+00,8.094229654971920596e-01,-2.680212682352808851e-01
2.000000000000000000e+00,-4.761757431800982543e-01,4.108154147341365636e+00,-5.882322735448973772e-01
1.000000000000000000e+00,5.143265412170453743e+00,-4.890300714283876138e-01,-1.029188734757490176e+00
2.000000000000000000e+00,1.037399238817902969e+00,4.669173548712578281e+00,-1.501925218449469357e+00
2.000000000000000000e+00,1.196097302650144800e-01,6.950809857541928594e+00,9.535944482496441221e-01
0.000000000000000000e+00,-1.184128308199792201e+00,-1.114785722113962096e+00,-1.067405580384745090e+00
1.000000000000000000e+00,4.463078144436614103e+00,4.593293804877896513e-01,-6.991177939631336713e-01
1.000000000000000000e+00,3.919315775554236936e+00,-5.556895554254803749e-01,1.632110079738209540e+00
1.000000000000000000e+00,4.375560770915171815e+00,1.187356214877005156e+00,1.158267002249191879e+00
2.000000000000000000e+00,-1.315696759795175419e+00,4.573276270458856096e+00,2.058437728002432188e+00
1.000000000000000000e+00,5.546667470865543237e+00,4.422166174737622302e-01,5.156698216526270917e-01
1.000000000000000000e+00,6.243303350929545026e+00,2.000728557881185310e+00,-2.103529629601340323e-01
1.000000000000000000e+00,2.928675397733498276e+00,1.159217369392564922e+00,6.261063640334470215e-02
0.000000000000000000e+00,-4.416876393060142902e-01,6.745143761486209755e-01,-1.545546534320206833e-01
1.000000000000000000e+00,4.278005441341132808e+00,9.661422673736216327e-01,-1.317708669265211796e+00
2.000000000000000000e+00,-9.923832018097974439e-01,4.325818986816514666e+00,1.556378442421950004e+00
0.000000000000000000e+00,7.629183212038295192e-01,-1.011206786372323974e+00,-1.056926719007467708e-01
1.000000000000000000e+00,4.885181279277942323e+00,-4.077317428489144469e-01,-1.785636535400822802e-02
2.000000000000000000e+00,-1.075779150823785502e+00,3.564749129329157995e+00,-1.244204334056181249e+00
2.000000000000000000e+00,-3.714569023103668766e-01,5.888938995281908007e+00,1.187084442851653376e+00
1.000000000000000000e+00,4.012422415942501708e+00,7.941929575364359284e-01,4.386474658292898732e-01
1.000000000000000000e+00,5.216094337285140270e+00,8.802484420778089458e-01,7.511853131143397810e-01
0.000000000000000000e+00,-2.264616949206741114e-01,1.209045345175478570e+00,1.270157387411304128e+00
0.000000000000000000e+00,4.460435257553803656e-01,1.771267409348430188e+00,1.852887812643695620e+00
2.000000000000000000e+00,-1.456643285417759337e+00,6.407101291008766353e+00,1.139713172962629528e+00
1.000000000000000000e+00,4.303277069618146378e+00,1.014359804301060985e-01,9.353854518679810548e-01
0.000000000000000000e+00,-1.420707383191787798e+00,-7.248334257097734934e-01,2.284080004137679087e-01
2.000000000000000000e+00,-1.042550648309292116e+00,4.047641327316081394e+00,5.273734563784678864e-01
2.000000000000000000e+00,-2.878684257246059697e-01,5.513496007530735987e+00,-1.230519152465173738e+00
1.000000000000000000e+00,5.744374838532466221e+00,4.576505774693815365e-01,-6.992256846369307999e-01
2.000000000000000000e+00,1.133993520745718131e+00,4.679290261412694107e+00,3.778907081649053312e-01
0.000000000000000000e+00,1.850587047010504027e-01,-1.381591306316152679e+00,-3.869585461880106214e-01
1.000000000000000000e+00,4.002989817648261450e+00,1.644704270980649419e+00,1.241169183364237705e-01
2.000000000000000000e+00,-1.879802102038626715e-02,4.519939979844364686e+00,-7.374740556231482724e-01
0.000000000000000000e+00,-1.425455900982464386e-01,1.884272720294075942e-01,7.754442512036097135e-01
0.000000000000000000e+00,-1.447969272495068793e+00,1.002732891459739317e+00,7.154747657152603635e-01
0.000000000000000000e+00,-4.898929431492340947e-01,3.320057121700050184e-01,1.062078017034728955e-01
0.000000000000000000e+00,4.712274836364814812e-01,1.363175682070871586e+00,-1.527016690715368608e+00
0.000000000000000000e+00,3.808018381755440274e-01,-2.677520379633652192e-01,1.737800356400827015e-02
2.000000000000000000e+00,3.623370601634198773e-01,4.807409227044451505e+00,1.170834777311763608e-01
1.000000000000000000e+00,6.006180808119303549e+00,2.192780633113906585e+00,3.411585699899740698e-01
1.000000000000000000e+00,2.935539742933277907e+00,-2.625634515527409119e-01,-4.173649692028569280e-01
2.000000000000000000e+00,-3.621314734958669956e-01,4.526395745843607266e+00,7.148083358289941680e-01
0.000000000000000000e+00,9.333862813895645871e-01,-1.091198244267952866e+00,-3.695598218486556563e-01
1.000000000000000000e+00,5.944711013487313345e+00,-1.340751353722521522e+00,-1.541420862021591009e+00
2.000000000000000000e+00,1.699030666874197015e+00,5.817456969248951282e+00,-1.162762007498326366e-01
0.000000000000000000e+00,8.134588668760086572e-01,2.352936801920017251e-01,1.589849263729023798e+00
0.000000000000000000e+00,1.657490964388057320e+00,9.406126404373720273e-01,-6.258920213784737729e-01
1.000000000000000000e+00,4.770091315693393064e+00,-1.122702108555750478e+00,6.325236162392769979e-01
1.000000000000000000e+00,5.080536732845210679e+00,5.824710247622217896e-01,6.079211871878890117e-01
0.000000000000000000e+00,1.572463227464219182e+00,-9.147263976235718852e-01,-1.153817027798649475e+00
1.000000000000000000e+00,4.776537131098265831e+00,-1.876213789689025468e-01,6.154668018247112515e-01
2.000000000000000000e+00,-3.260050735845230752e-01,4.771809008269514152e+00,-9.303251884454869503e-01
1.000000000000000000e+00,6.118322384543344761e+00,-5.303496689264124431e-01,-1.416611896490856504e+00
0.000000000000000000e+00,-5.265437411102767973e-01,3.871946724130747031e-01,-4.803063756255435135e-01
1.000000000000000000e+00,4.259046606953042158e+00,-5.278746490629666610e-01,-9.267964182753780644e-01
1.000000000000000000e+00,3.380625558753076021e+00,-2.531145973407348260e-01,-2.496197149497378920e+00
1.000000000000000000e+00,4.146752790020435953e+00,1.035730124690209530e+00,1.015089224078486313e-01
0.000000000000000000e+00,-8.494705604667549537e-01,-9.181117256113812131e-01,2.337420681429784874e+00
1.000000000000000000e+00,5.050312642218666603e+00,2.163825275846415763e-01,-6.227562191202277164e-01
0.000000000000000000e+00,1.851934923253568899e+00,1.083529206227298092e+00,1.604194534173354059e-01
2.000000000000000000e+00,-9.193985151024061109e-01,4.835974337390293698e+00,-1.067620982994530454e+00
1.000000000000000000e+00,6.978994816003005752e+00,1.977187348386912069e-01,3.058617278271678064e-01
2.000000000000000000e+00,1.389049762193614201e+00,4.370081301069177471e+00,-4.353059267774964103e-02
2.000000000000000000e+00,1.664512500776362369e+00,5.216069616809434706e+00,-3.604851633926324239e-01
1.000000000000000000e+00,3.385071494411246107e+00,1.722242419412271408e+00,1.482381490950467118e+00
1.000000000000000000e+00,3.865159911222356470e+00,5.055356143285253401e-01,-9.686953724836944168e-02
1.000000000000000000e+00,4.298388172619931780e+00,8.414393496048692966e-02,1.416548459523383041e+00
2.000000000000000000e+00,9.120890567623393119e-01,3.997762671622483222e+00,1.530052460212411869e-01
2.000000000000000000e+00,4.334854953242419512e-02,4.386091853200749568e+00,5.372447567482701025e-01
1.000000000000000000e+00,5.221597394325882213e+00,-6.155340286441450814e-01,1.120840148581442763e+00
2.000000000000000000e+00,-1.038838416581053581e+00,5.060236714450844886e+00,-3.520540706641123174e-02
0.000000000000000000e+00,-2.023561256288317178e+00,-7.957988165658588242e-01,8.922260514971435130e-01
1.000000000000000000e+00,5.918981342568355508e+00,-1.082952186690130603e+00,1.351521740177646480e+00
1.000000000000000000e+00,4.301549278457160952e+00,1.902290740078235454e-01,5.303757737060283972e-01
2.000000000000000000e+00,-1.697499529524217454e+00,4.606139229463311224e+00,4.673489030158288760e-01
1.000000000000000000e+00,5.403506504405879873e+00,-2.466732974381465215e+00,1.118211110798303043e+00
0.000000000000000000e+00,-2.435676398390779901e-02,5.736544350407334347e-01,-7.677232366053783341e-01
0.000000000000000000e+00,-1.330680476485200270e+00,1.560268285529698762e+00,5.933713738616517297e-01
1.000000000000000000e+00,6.304402946470890612e+00,-5.663356751627213193e-01,-2.831984849456607722e-02
2.000000000000000000e+00,-3.835179342199055985e-01,7.204220334944833937e+00,1.180265094967980488e+00
0.000000000000000000e+00,-7.300856292899877698e-01,1.163630206973132797e+00,5.257506914057629155e-01
0.000000000000000000e+00,-7.934436622866221089e-01,-1.105289175829303333e-01,-9.764878344879415195e-01
1.000000000000000000e+00,6.763614869220848647e+00,1.388549969449581478e-01,4.407296674258499580e-01
2.000000000000000000e+00,-3.618402760575988864e-01,5.541722393398552882e+00,1.243151122167988731e+00
1.000000000000000000e+00,5.319702077807250795e+00,-7.867687677488923725e-01,-1.000418632215179099e-01
1.000000000000000000e+00,3.933214779354463619e+00,5.053606755763432323e-01,1.206958538333666731e+00
0.000000000000000000e+00,-4.162516331432141586e-02,-2.278196742639954753e+00,8.488795643910038713e-01
